project,migration,mode,input_tokens,output_tokens,total_tokens,cost_usd
adobe_experience-platform-streaming-connect,travis_to_gha,zero-shot,518,208,726,0.00337
adobe_experience-platform-streaming-connect,travis_to_gha,few-shot,518,167,685,0.00297
agateau_pixelwheels,travis_to_gha,zero-shot,498,113,611,0.00237
agateau_pixelwheels,travis_to_gha,few-shot,498,92,590,0.00217
albertus82_cyclesmod,travis_to_gha,zero-shot,682,407,1089,0.00578
albertus82_cyclesmod,travis_to_gha,few-shot,682,384,1066,0.00554
alexvasilkov_GestureViews,travis_to_gha,zero-shot,689,519,1208,0.00691
alexvasilkov_GestureViews,travis_to_gha,few-shot,689,655,1344,0.00827
anand1st_sshd-shell-spring-boot,travis_to_gha,zero-shot,506,143,649,0.0027
anand1st_sshd-shell-spring-boot,travis_to_gha,few-shot,506,121,627,0.00247
anastaciocintra_escpos-coffee,travis_to_gha,zero-shot,621,345,966,0.005
anastaciocintra_escpos-coffee,travis_to_gha,few-shot,621,296,917,0.00451
apache_dubbo-spi-extensions,travis_to_gha,zero-shot,617,358,975,0.00512
apache_dubbo-spi-extensions,travis_to_gha,few-shot,617,310,927,0.00464
apache_maven-enforcer,travis_to_gha,zero-shot,528,193,721,0.00325
apache_maven-enforcer,travis_to_gha,few-shot,528,193,721,0.00325
AtomGraph_Processor,travis_to_gha,zero-shot,882,455,1337,0.00676
AtomGraph_Processor,travis_to_gha,few-shot,882,446,1328,0.00667
AuScope_NVCLAnalyticalServices,travis_to_gha,zero-shot,554,326,880,0.00464
AuScope_NVCLAnalyticalServices,travis_to_gha,few-shot,554,259,813,0.00398
AxonIQ_axonserver-connector-java,travis_to_gha,zero-shot,542,251,793,0.00386
AxonIQ_axonserver-connector-java,travis_to_gha,few-shot,542,232,774,0.00367
azarnovdaniil_java-net-course,travis_to_gha,zero-shot,488,122,610,0.00244
azarnovdaniil_java-net-course,travis_to_gha,few-shot,488,109,597,0.00231
ballerina-platform_module-ballerina-docker,travis_to_gha,zero-shot,790,411,1201,0.00609
ballerina-platform_module-ballerina-docker,travis_to_gha,few-shot,790,442,1232,0.0064
billthefarmer_currency,travis_to_gha,zero-shot,514,236,750,0.00365
billthefarmer_currency,travis_to_gha,few-shot,514,180,694,0.00309
billthefarmer_editor,travis_to_gha,zero-shot,519,236,755,0.00366
billthefarmer_editor,travis_to_gha,few-shot,519,181,700,0.00311
BombusMod_BombusMod,travis_to_gha,zero-shot,591,282,873,0.0043
BombusMod_BombusMod,travis_to_gha,few-shot,591,237,828,0.00385
bootique_bootique-logback,travis_to_gha,zero-shot,714,294,1008,0.00473
bootique_bootique-logback,travis_to_gha,few-shot,714,324,1038,0.00502
btraceio_btrace,travis_to_gha,zero-shot,846,574,1420,0.00785
btraceio_btrace,travis_to_gha,few-shot,846,605,1451,0.00816
cdk_cdk,travis_to_gha,zero-shot,497,217,714,0.00341
cdk_cdk,travis_to_gha,few-shot,497,158,655,0.00282
CodelyTV_java-basic-skeleton,travis_to_gha,zero-shot,610,362,972,0.00515
CodelyTV_java-basic-skeleton,travis_to_gha,few-shot,610,304,914,0.00456
ConsensusJ_consensusj,travis_to_gha,zero-shot,619,328,947,0.00483
ConsensusJ_consensusj,travis_to_gha,few-shot,619,298,917,0.00453
constellation-app_constellation,travis_to_gha,zero-shot,786,578,1364,0.00775
constellation-app_constellation,travis_to_gha,few-shot,786,513,1299,0.0071
Coolerfall_Android-HttpDownloadManager,travis_to_gha,zero-shot,577,271,848,0.00415
Coolerfall_Android-HttpDownloadManager,travis_to_gha,few-shot,577,301,878,0.00445
cryptomator_dokany-nio-adapter,travis_to_gha,zero-shot,871,651,1522,0.00869
cryptomator_dokany-nio-adapter,travis_to_gha,few-shot,871,635,1506,0.00853
CST-Group_cst,travis_to_gha,zero-shot,682,334,1016,0.00505
CST-Group_cst,travis_to_gha,few-shot,682,308,990,0.00479
devaneios-ifsp_turma-de-elite-backend,travis_to_gha,zero-shot,717,483,1200,0.00662
devaneios-ifsp_turma-de-elite-backend,travis_to_gha,few-shot,717,513,1230,0.00692
dhatim_safesql,travis_to_gha,zero-shot,663,407,1070,0.00573
dhatim_safesql,travis_to_gha,few-shot,663,426,1089,0.00592
dlsc-software-consulting-gmbh_GemsFX,travis_to_gha,zero-shot,845,558,1403,0.00769
dlsc-software-consulting-gmbh_GemsFX,travis_to_gha,few-shot,845,526,1371,0.00737
dogtagpki_jss,travis_to_gha,zero-shot,654,307,961,0.0047
dogtagpki_jss,travis_to_gha,few-shot,654,286,940,0.00449
eclipse_lemminx,travis_to_gha,zero-shot,596,280,876,0.00429
eclipse_lemminx,travis_to_gha,few-shot,596,225,821,0.00374
elixir-cloud-aai_tesk-api,travis_to_gha,zero-shot,520,247,767,0.00377
elixir-cloud-aai_tesk-api,travis_to_gha,few-shot,520,184,704,0.00314
encircled_Joiner,travis_to_gha,zero-shot,529,162,691,0.00294
encircled_Joiner,travis_to_gha,few-shot,529,143,672,0.00275
FasterXML_jackson-jr,travis_to_gha,zero-shot,510,141,651,0.00269
FasterXML_jackson-jr,travis_to_gha,few-shot,510,144,654,0.00272
feedzai_feedzai-openml,travis_to_gha,zero-shot,596,321,917,0.0047
feedzai_feedzai-openml,travis_to_gha,few-shot,596,255,851,0.00404
fiji_Cell_Counter,travis_to_gha,zero-shot,532,163,695,0.00296
fiji_Cell_Counter,travis_to_gha,few-shot,532,173,705,0.00306
fiji_cookbook,travis_to_gha,zero-shot,532,195,727,0.00328
fiji_cookbook,travis_to_gha,few-shot,532,173,705,0.00306
fiji_KymographBuilder,travis_to_gha,zero-shot,532,162,694,0.00295
fiji_KymographBuilder,travis_to_gha,few-shot,532,173,705,0.00306
fiji_pQCT,travis_to_gha,zero-shot,525,222,747,0.00353
fiji_pQCT,travis_to_gha,few-shot,525,200,725,0.00331
fiji_SPIM_Registration,travis_to_gha,zero-shot,562,219,781,0.0036
fiji_SPIM_Registration,travis_to_gha,few-shot,562,276,838,0.00417
fiji_VIB-lib,travis_to_gha,zero-shot,532,174,706,0.00307
fiji_VIB-lib,travis_to_gha,few-shot,532,173,705,0.00306
future-architect_uroborosql,travis_to_gha,zero-shot,595,314,909,0.00463
future-architect_uroborosql,travis_to_gha,few-shot,595,280,875,0.00429
gayanvoice_android-vpn-client-ics-openvpn,travis_to_gha,zero-shot,562,212,774,0.00352
gayanvoice_android-vpn-client-ics-openvpn,travis_to_gha,few-shot,562,201,763,0.00342
Gepardec_Hogarama,travis_to_gha,zero-shot,508,159,667,0.00286
Gepardec_Hogarama,travis_to_gha,few-shot,508,127,635,0.00254
gessnerfl_rabbitmq-queue-management,travis_to_gha,zero-shot,514,214,728,0.00343
gessnerfl_rabbitmq-queue-management,travis_to_gha,few-shot,514,199,713,0.00328
gotify_android,travis_to_gha,zero-shot,898,671,1569,0.00896
gotify_android,travis_to_gha,few-shot,898,752,1650,0.00976
GrowthcraftCE_Growthcraft-1.12,travis_to_gha,zero-shot,698,430,1128,0.00605
GrowthcraftCE_Growthcraft-1.12,travis_to_gha,few-shot,698,405,1103,0.00579
Hakky54_mutual-tls-ssl,travis_to_gha,zero-shot,636,748,1384,0.00907
Hakky54_mutual-tls-ssl,travis_to_gha,few-shot,636,663,1299,0.00822
hmcts_ccpay-payment-app,travis_to_gha,zero-shot,585,284,869,0.0043
hmcts_ccpay-payment-app,travis_to_gha,few-shot,585,283,868,0.00429
ibissource_iaf,travis_to_gha,zero-shot,617,356,973,0.0051
ibissource_iaf,travis_to_gha,few-shot,617,302,919,0.00456
ical4j_ical4j-connector,travis_to_gha,zero-shot,705,559,1264,0.00735
ical4j_ical4j-connector,travis_to_gha,few-shot,705,364,1069,0.0054
igniterealtime_openfire-xmldebugger-plugin,travis_to_gha,zero-shot,604,250,854,0.00401
igniterealtime_openfire-xmldebugger-plugin,travis_to_gha,few-shot,604,241,845,0.00392
imglib_imglib2,travis_to_gha,zero-shot,525,222,747,0.00353
imglib_imglib2,travis_to_gha,few-shot,525,200,725,0.00331
imglib_imglib2-tutorials,travis_to_gha,zero-shot,562,237,799,0.00377
imglib_imglib2-tutorials,travis_to_gha,few-shot,562,276,838,0.00417
inferno-framework_fhir-validator-wrapper,travis_to_gha,zero-shot,591,269,860,0.00417
inferno-framework_fhir-validator-wrapper,travis_to_gha,few-shot,591,294,885,0.00442
io7m_jcamera,travis_to_gha,zero-shot,542,195,737,0.0033
io7m_jcamera,travis_to_gha,few-shot,542,246,788,0.00382
io7m_jmurmur,travis_to_gha,zero-shot,549,208,757,0.00345
io7m_jmurmur,travis_to_gha,few-shot,549,181,730,0.00318
io7m_jproperties,travis_to_gha,zero-shot,548,196,744,0.00333
io7m_jproperties,travis_to_gha,few-shot,548,177,725,0.00314
io7m_jsx,travis_to_gha,zero-shot,549,208,757,0.00345
io7m_jsx,travis_to_gha,few-shot,549,161,710,0.00298
ipregistry_ipregistry-java,travis_to_gha,zero-shot,574,321,895,0.00464
ipregistry_ipregistry-java,travis_to_gha,few-shot,574,254,828,0.00397
jakubplichta_git-changelog-maven-plugin,travis_to_gha,zero-shot,513,143,656,0.00271
jakubplichta_git-changelog-maven-plugin,travis_to_gha,few-shot,513,116,629,0.00244
jbee_silk,travis_to_gha,zero-shot,489,145,634,0.00267
jbee_silk,travis_to_gha,few-shot,489,115,604,0.00237
jboss_tyr,travis_to_gha,zero-shot,486,122,608,0.00243
jboss_tyr,travis_to_gha,few-shot,486,110,596,0.00232
jenkinsci_jira-plugin,travis_to_gha,zero-shot,654,340,994,0.00504
jenkinsci_jira-plugin,travis_to_gha,few-shot,654,313,967,0.00477
jeremylong_DependencyCheck,travis_to_gha,zero-shot,632,328,960,0.00486
jeremylong_DependencyCheck,travis_to_gha,few-shot,632,379,1011,0.00537
JetBrains_jediterm,travis_to_gha,zero-shot,490,121,611,0.00243
JetBrains_jediterm,travis_to_gha,few-shot,490,109,599,0.00232
jnidzwetzki_bboxdb,travis_to_gha,zero-shot,784,474,1258,0.0067
jnidzwetzki_bboxdb,travis_to_gha,few-shot,784,453,1237,0.00649
JodaOrg_joda-time,travis_to_gha,zero-shot,667,333,1000,0.005
JodaOrg_joda-time,travis_to_gha,few-shot,667,368,1035,0.00535
junit-team_junit5,travis_to_gha,zero-shot,859,690,1549,0.00905
junit-team_junit5,travis_to_gha,few-shot,859,893,1752,0.01108
jwtk_jjwt,travis_to_gha,zero-shot,998,560,1558,0.00809
jwtk_jjwt,travis_to_gha,few-shot,998,506,1504,0.00756
kaklakariada_portmapper,travis_to_gha,zero-shot,627,384,1011,0.00541
kaklakariada_portmapper,travis_to_gha,few-shot,627,308,935,0.00465
knowm_Yank,travis_to_gha,zero-shot,564,226,790,0.00367
knowm_Yank,travis_to_gha,few-shot,564,168,732,0.00309
komoot_photon,travis_to_gha,zero-shot,501,142,643,0.00267
komoot_photon,travis_to_gha,few-shot,501,134,635,0.00259
kordamp_ikonli,travis_to_gha,zero-shot,597,320,917,0.00469
kordamp_ikonli,travis_to_gha,few-shot,597,287,884,0.00436
kryptokrauts_aepp-sdk-java,travis_to_gha,zero-shot,975,870,1845,0.01114
kryptokrauts_aepp-sdk-java,travis_to_gha,few-shot,975,859,1834,0.01103
line_decaton,travis_to_gha,zero-shot,566,283,849,0.00425
line_decaton,travis_to_gha,few-shot,566,249,815,0.00391
linkedin_avro-util,travis_to_gha,zero-shot,756,473,1229,0.00662
linkedin_avro-util,travis_to_gha,few-shot,756,374,1130,0.00563
mate-academy_hibernate-configuration-hw,travis_to_gha,zero-shot,501,193,694,0.00318
mate-academy_hibernate-configuration-hw,travis_to_gha,few-shot,501,175,676,0.003
mendhak_gpslogger,travis_to_gha,zero-shot,813,513,1326,0.00716
mendhak_gpslogger,travis_to_gha,few-shot,813,408,1221,0.00611
michaelliao_itranswarp,travis_to_gha,zero-shot,494,157,651,0.00281
michaelliao_itranswarp,travis_to_gha,few-shot,494,114,608,0.00237
micheljung_nocatch,travis_to_gha,zero-shot,605,387,992,0.00538
micheljung_nocatch,travis_to_gha,few-shot,605,226,831,0.00377
miho_VTCC,travis_to_gha,zero-shot,527,163,690,0.00295
miho_VTCC,travis_to_gha,few-shot,527,148,675,0.0028
MilkBowl_VaultAPI,travis_to_gha,zero-shot,528,184,712,0.00316
MilkBowl_VaultAPI,travis_to_gha,few-shot,528,164,692,0.00296
MineLittlePony_BigPony,travis_to_gha,zero-shot,608,488,1096,0.0064
MineLittlePony_BigPony,travis_to_gha,few-shot,608,474,1082,0.00626
MineLittlePony_HDSkins,travis_to_gha,zero-shot,608,490,1098,0.00642
MineLittlePony_HDSkins,travis_to_gha,few-shot,608,474,1082,0.00626
minio_minio-java,travis_to_gha,zero-shot,520,204,724,0.00334
minio_minio-java,travis_to_gha,few-shot,520,139,659,0.00269
msmobility_silo,travis_to_gha,zero-shot,544,182,726,0.00318
msmobility_silo,travis_to_gha,few-shot,544,164,708,0.003
neo4j-contrib_neo4j-jdbc,travis_to_gha,zero-shot,508,122,630,0.00249
neo4j-contrib_neo4j-jdbc,travis_to_gha,few-shot,508,148,656,0.00275
NetLogo_Matrix-Extension,travis_to_gha,zero-shot,546,390,936,0.00526
NetLogo_Matrix-Extension,travis_to_gha,few-shot,546,250,796,0.00387
nhl_dflib,travis_to_gha,zero-shot,615,293,908,0.00447
nhl_dflib,travis_to_gha,few-shot,615,252,867,0.00406
nkonev_blog,travis_to_gha,zero-shot,987,711,1698,0.00958
nkonev_blog,travis_to_gha,few-shot,987,792,1779,0.01039
nsoft_jesterj,travis_to_gha,zero-shot,628,333,961,0.0049
nsoft_jesterj,travis_to_gha,few-shot,628,325,953,0.00482
OHNLP_MedTagger,travis_to_gha,zero-shot,638,313,951,0.00473
OHNLP_MedTagger,travis_to_gha,few-shot,638,267,905,0.00426
opencadc_cadc-target-resolver,travis_to_gha,zero-shot,899,604,1503,0.00829
opencadc_cadc-target-resolver,travis_to_gha,few-shot,899,672,1571,0.00897
OpenLiberty_ci.maven,travis_to_gha,zero-shot,767,412,1179,0.00604
OpenLiberty_ci.maven,travis_to_gha,few-shot,767,382,1149,0.00574
OpenLiberty_guide-arquillian-managed,travis_to_gha,zero-shot,686,340,1026,0.00511
OpenLiberty_guide-arquillian-managed,travis_to_gha,few-shot,686,297,983,0.00468
OpenLiberty_guide-cloud-azure,travis_to_gha,zero-shot,715,371,1086,0.0055
OpenLiberty_guide-cloud-azure,travis_to_gha,few-shot,715,323,1038,0.00502
orien_bean-matchers,travis_to_gha,zero-shot,502,136,638,0.00262
orien_bean-matchers,travis_to_gha,few-shot,502,122,624,0.00247
OSGeo_PROJ-JNI,travis_to_gha,zero-shot,643,333,976,0.00494
OSGeo_PROJ-JNI,travis_to_gha,few-shot,643,222,865,0.00383
otavanopisto_muikku,travis_to_gha,zero-shot,656,352,1008,0.00516
otavanopisto_muikku,travis_to_gha,few-shot,656,382,1038,0.00546
otto-de_synapse,travis_to_gha,zero-shot,670,238,908,0.00406
otto-de_synapse,travis_to_gha,few-shot,670,250,920,0.00417
parse-community_Parse-SDK-Android,travis_to_gha,zero-shot,620,384,1004,0.00539
parse-community_Parse-SDK-Android,travis_to_gha,few-shot,620,339,959,0.00494
Paul2708_simple-commands,travis_to_gha,zero-shot,495,139,634,0.00263
Paul2708_simple-commands,travis_to_gha,few-shot,495,128,623,0.00252
PepperLola_playerinfo,travis_to_gha,zero-shot,701,421,1122,0.00596
PepperLola_playerinfo,travis_to_gha,few-shot,701,377,1078,0.00552
Pi4J_pi4j-v2,travis_to_gha,zero-shot,625,235,860,0.00391
Pi4J_pi4j-v2,travis_to_gha,few-shot,625,236,861,0.00392
playframework_play1,travis_to_gha,zero-shot,498,126,624,0.00251
playframework_play1,travis_to_gha,few-shot,498,114,612,0.00238
PojavLauncherTeam_PojavLauncher,travis_to_gha,zero-shot,922,603,1525,0.00834
PojavLauncherTeam_PojavLauncher,travis_to_gha,few-shot,922,486,1408,0.00716
primefaces-extensions_primefaces-integration-tests,travis_to_gha,zero-shot,661,408,1069,0.00573
primefaces-extensions_primefaces-integration-tests,travis_to_gha,few-shot,661,379,1040,0.00544
princesslana_smalld,travis_to_gha,zero-shot,756,381,1137,0.0057
princesslana_smalld,travis_to_gha,few-shot,756,399,1155,0.00588
qlefevre_crud-admin-spring-boot-starter,travis_to_gha,zero-shot,509,243,752,0.0037
qlefevre_crud-admin-spring-boot-starter,travis_to_gha,few-shot,509,165,674,0.00292
qos-ch_slf4j,travis_to_gha,zero-shot,505,188,693,0.00314
qos-ch_slf4j,travis_to_gha,few-shot,505,126,631,0.00252
radixdlt_radixdlt,travis_to_gha,zero-shot,659,514,1173,0.00679
radixdlt_radixdlt,travis_to_gha,few-shot,659,547,1206,0.00712
ralscha_xodus-queue,travis_to_gha,zero-shot,538,228,766,0.00362
ralscha_xodus-queue,travis_to_gha,few-shot,538,188,726,0.00322
reaktivity_nukleus-http.java,travis_to_gha,zero-shot,524,196,720,0.00327
reaktivity_nukleus-http.java,travis_to_gha,few-shot,524,199,723,0.0033
reaktivity_nukleus-maven-plugin,travis_to_gha,zero-shot,524,196,720,0.00327
reaktivity_nukleus-maven-plugin,travis_to_gha,few-shot,524,199,723,0.0033
reaktivity_nukleus-tcp.spec,travis_to_gha,zero-shot,524,199,723,0.0033
reaktivity_nukleus-tcp.spec,travis_to_gha,few-shot,524,199,723,0.0033
redhat-developer_quarkus-ls,travis_to_gha,zero-shot,577,319,896,0.00463
redhat-developer_quarkus-ls,travis_to_gha,few-shot,577,250,827,0.00394
renyuneyun_Easer,travis_to_gha,zero-shot,1071,497,1568,0.00765
renyuneyun_Easer,travis_to_gha,few-shot,1071,623,1694,0.00891
Sandec_JMemoryBuddy,travis_to_gha,zero-shot,497,125,622,0.00249
Sandec_JMemoryBuddy,travis_to_gha,few-shot,497,113,610,0.00237
saucelabs_ci-sauce,travis_to_gha,zero-shot,524,172,696,0.00303
saucelabs_ci-sauce,travis_to_gha,few-shot,524,157,681,0.00288
selenide_selenide,travis_to_gha,zero-shot,827,599,1426,0.00806
selenide_selenide,travis_to_gha,few-shot,827,1742,2569,0.01949
sizovs_PipelinR,travis_to_gha,zero-shot,514,154,668,0.00283
sizovs_PipelinR,travis_to_gha,few-shot,514,143,657,0.00272
Smarteon_loxone-java,travis_to_gha,zero-shot,684,604,1288,0.00775
Smarteon_loxone-java,travis_to_gha,few-shot,684,589,1273,0.0076
societe-generale_arch-unit-build-plugin-core,travis_to_gha,zero-shot,775,423,1198,0.00617
societe-generale_arch-unit-build-plugin-core,travis_to_gha,few-shot,775,362,1137,0.00556
sockeqwe_AdapterDelegates,travis_to_gha,zero-shot,580,347,927,0.00492
sockeqwe_AdapterDelegates,travis_to_gha,few-shot,580,303,883,0.00448
sofastack_sofa-bolt,travis_to_gha,zero-shot,675,357,1032,0.00526
sofastack_sofa-bolt,travis_to_gha,few-shot,675,330,1005,0.00499
sofastack_sofa-registry,travis_to_gha,zero-shot,530,193,723,0.00326
sofastack_sofa-registry,travis_to_gha,few-shot,530,156,686,0.00288
spigotplugins_fakeplayer,travis_to_gha,zero-shot,506,134,640,0.00261
spigotplugins_fakeplayer,travis_to_gha,few-shot,506,112,618,0.00238
splitio_android-client,travis_to_gha,zero-shot,543,249,792,0.00385
splitio_android-client,travis_to_gha,few-shot,543,174,717,0.0031
spring-cloud_spring-cloud-zookeeper,travis_to_gha,zero-shot,700,424,1124,0.00599
spring-cloud_spring-cloud-zookeeper,travis_to_gha,few-shot,700,343,1043,0.00518
TagnumElite_ProjectE-Integration,travis_to_gha,zero-shot,699,376,1075,0.00551
TagnumElite_ProjectE-Integration,travis_to_gha,few-shot,699,335,1034,0.0051
tanersener_smart-exception,travis_to_gha,zero-shot,585,272,857,0.00418
tanersener_smart-exception,travis_to_gha,few-shot,585,263,848,0.00409
tdebatty_java-string-similarity,travis_to_gha,zero-shot,512,146,658,0.00274
tdebatty_java-string-similarity,travis_to_gha,few-shot,512,131,643,0.00259
tdf_odftoolkit,travis_to_gha,zero-shot,526,201,727,0.00332
tdf_odftoolkit,travis_to_gha,few-shot,526,178,704,0.00309
ThatKawaiiSam_Assemble,travis_to_gha,zero-shot,576,248,824,0.00392
ThatKawaiiSam_Assemble,travis_to_gha,few-shot,576,255,831,0.00399
thepieterdc_dodona-plugin-jetbrains,travis_to_gha,zero-shot,492,132,624,0.00255
thepieterdc_dodona-plugin-jetbrains,travis_to_gha,few-shot,492,89,581,0.00212
TrNdy_mastodon-tracking,travis_to_gha,zero-shot,525,222,747,0.00353
TrNdy_mastodon-tracking,travis_to_gha,few-shot,525,200,725,0.00331
tsandmann_ct-sim,travis_to_gha,zero-shot,532,183,715,0.00316
tsandmann_ct-sim,travis_to_gha,few-shot,532,173,705,0.00306
tsjensen_sercoll,travis_to_gha,zero-shot,758,288,1046,0.00477
tsjensen_sercoll,travis_to_gha,few-shot,758,290,1048,0.00479
Twasi_twasi-core,travis_to_gha,zero-shot,670,529,1199,0.00696
Twasi_twasi-core,travis_to_gha,few-shot,670,509,1179,0.00677
typetools_guava,travis_to_gha,zero-shot,698,432,1130,0.00607
typetools_guava,travis_to_gha,few-shot,698,401,1099,0.00575
utarwyn_SuperJukebox,travis_to_gha,zero-shot,596,314,910,0.00463
utarwyn_SuperJukebox,travis_to_gha,few-shot,596,237,833,0.00386
uw-loci_misc-plugins,travis_to_gha,zero-shot,532,170,702,0.00303
uw-loci_misc-plugins,travis_to_gha,few-shot,532,173,705,0.00306
vert-x3_vertx-bridge-common,travis_to_gha,zero-shot,639,344,983,0.00504
vert-x3_vertx-bridge-common,travis_to_gha,few-shot,639,331,970,0.00491
vert-x3_vertx-web,travis_to_gha,zero-shot,854,829,1683,0.01043
vert-x3_vertx-web,travis_to_gha,few-shot,854,809,1663,0.01022
vlingo_xoom-turbo,travis_to_gha,zero-shot,696,475,1171,0.00649
vlingo_xoom-turbo,travis_to_gha,few-shot,696,494,1190,0.00668
wcm-io-devops_conga-sling-plugin,travis_to_gha,zero-shot,638,359,997,0.00519
wcm-io-devops_conga-sling-plugin,travis_to_gha,few-shot,638,337,975,0.00497
WISVCH_events,travis_to_gha,zero-shot,728,442,1170,0.00624
WISVCH_events,travis_to_gha,few-shot,728,425,1153,0.00607
wte4j_wte4j,travis_to_gha,zero-shot,553,216,769,0.00354
wte4j_wte4j,travis_to_gha,few-shot,553,158,711,0.00296
xenit-eu_alfresco-docker-gradle-plugin,travis_to_gha,zero-shot,881,612,1493,0.00832
xenit-eu_alfresco-docker-gradle-plugin,travis_to_gha,few-shot,881,625,1506,0.00845
xerial_sqlite-jdbc,travis_to_gha,zero-shot,510,151,661,0.00279
xerial_sqlite-jdbc,travis_to_gha,few-shot,510,139,649,0.00266
xuxueli_xxl-job,travis_to_gha,zero-shot,509,158,667,0.00285
xuxueli_xxl-job,travis_to_gha,few-shot,509,140,649,0.00267
YakushevVladimir_BibleQuote-for-Android,travis_to_gha,zero-shot,649,401,1050,0.00563
YakushevVladimir_BibleQuote-for-Android,travis_to_gha,few-shot,649,347,996,0.00509
yuxuanchiadm_SkyCraftUpdater,travis_to_gha,zero-shot,487,132,619,0.00254
yuxuanchiadm_SkyCraftUpdater,travis_to_gha,few-shot,487,112,599,0.00234
adobe_experience-platform-streaming-connect,gha_to_travis,zero-shot,673,91,764,0.00259
adobe_experience-platform-streaming-connect,gha_to_travis,few-shot,673,65,738,0.00233
agateau_pixelwheels,gha_to_travis,zero-shot,549,65,614,0.00202
agateau_pixelwheels,gha_to_travis,few-shot,549,52,601,0.00189
albertus82_cyclesmod,gha_to_travis,zero-shot,928,188,1116,0.0042
albertus82_cyclesmod,gha_to_travis,few-shot,928,163,1091,0.00395
alexvasilkov_GestureViews,gha_to_travis,zero-shot,1116,248,1364,0.00527
alexvasilkov_GestureViews,gha_to_travis,few-shot,1116,244,1360,0.00523
anand1st_sshd-shell-spring-boot,gha_to_travis,zero-shot,587,140,727,0.00287
anand1st_sshd-shell-spring-boot,gha_to_travis,few-shot,587,68,655,0.00215
anastaciocintra_escpos-coffee,gha_to_travis,zero-shot,790,167,957,0.00365
anastaciocintra_escpos-coffee,gha_to_travis,few-shot,790,207,997,0.00404
apache_dubbo-spi-extensions,gha_to_travis,zero-shot,759,216,975,0.00406
apache_dubbo-spi-extensions,gha_to_travis,few-shot,759,194,953,0.00384
apache_maven-enforcer,gha_to_travis,zero-shot,552,95,647,0.00233
apache_maven-enforcer,gha_to_travis,few-shot,552,49,601,0.00187
AtomGraph_Processor,gha_to_travis,zero-shot,993,428,1421,0.00676
AtomGraph_Processor,gha_to_travis,few-shot,993,435,1428,0.00683
AuScope_NVCLAnalyticalServices,gha_to_travis,zero-shot,635,139,774,0.00298
AuScope_NVCLAnalyticalServices,gha_to_travis,few-shot,635,84,719,0.00243
AxonIQ_axonserver-connector-java,gha_to_travis,zero-shot,613,81,694,0.00234
AxonIQ_axonserver-connector-java,gha_to_travis,few-shot,613,96,709,0.00249
azarnovdaniil_java-net-course,gha_to_travis,zero-shot,544,130,674,0.00266
azarnovdaniil_java-net-course,gha_to_travis,few-shot,544,40,584,0.00176
ballerina-platform_module-ballerina-docker,gha_to_travis,zero-shot,896,430,1326,0.00654
ballerina-platform_module-ballerina-docker,gha_to_travis,few-shot,896,198,1094,0.00422
billthefarmer_currency,gha_to_travis,zero-shot,624,103,727,0.00259
billthefarmer_currency,gha_to_travis,few-shot,624,104,728,0.0026
billthefarmer_editor,gha_to_travis,zero-shot,642,108,750,0.00268
billthefarmer_editor,gha_to_travis,few-shot,642,109,751,0.0027
BombusMod_BombusMod,gha_to_travis,zero-shot,700,140,840,0.00315
BombusMod_BombusMod,gha_to_travis,few-shot,700,126,826,0.00301
bootique_bootique-logback,gha_to_travis,zero-shot,1100,519,1619,0.00794
bootique_bootique-logback,gha_to_travis,few-shot,1100,247,1347,0.00522
btraceio_btrace,gha_to_travis,zero-shot,1116,382,1498,0.00661
btraceio_btrace,gha_to_travis,few-shot,1116,368,1484,0.00647
cdk_cdk,gha_to_travis,zero-shot,546,72,618,0.00209
cdk_cdk,gha_to_travis,few-shot,546,36,582,0.00173
CodelyTV_java-basic-skeleton,gha_to_travis,zero-shot,687,162,849,0.00334
CodelyTV_java-basic-skeleton,gha_to_travis,few-shot,687,162,849,0.00334
ConsensusJ_consensusj,gha_to_travis,zero-shot,697,184,881,0.00358
ConsensusJ_consensusj,gha_to_travis,few-shot,697,181,878,0.00355
constellation-app_constellation,gha_to_travis,zero-shot,1093,298,1391,0.00571
constellation-app_constellation,gha_to_travis,few-shot,1093,372,1465,0.00645
Coolerfall_Android-HttpDownloadManager,gha_to_travis,zero-shot,627,121,748,0.00278
Coolerfall_Android-HttpDownloadManager,gha_to_travis,few-shot,627,93,720,0.0025
cryptomator_dokany-nio-adapter,gha_to_travis,zero-shot,1204,485,1689,0.00786
cryptomator_dokany-nio-adapter,gha_to_travis,few-shot,1204,388,1592,0.00689
CST-Group_cst,gha_to_travis,zero-shot,943,369,1312,0.00605
CST-Group_cst,gha_to_travis,few-shot,943,360,1303,0.00596
devaneios-ifsp_turma-de-elite-backend,gha_to_travis,zero-shot,990,277,1267,0.00524
devaneios-ifsp_turma-de-elite-backend,gha_to_travis,few-shot,990,276,1266,0.00524
dhatim_safesql,gha_to_travis,zero-shot,982,248,1230,0.00494
dhatim_safesql,gha_to_travis,few-shot,982,247,1229,0.00493
dlsc-software-consulting-gmbh_GemsFX,gha_to_travis,zero-shot,1338,353,1691,0.00688
dlsc-software-consulting-gmbh_GemsFX,gha_to_travis,few-shot,1338,317,1655,0.00651
dogtagpki_jss,gha_to_travis,zero-shot,749,260,1009,0.00447
dogtagpki_jss,gha_to_travis,few-shot,749,239,988,0.00426
eclipse_lemminx,gha_to_travis,zero-shot,607,108,715,0.0026
eclipse_lemminx,gha_to_travis,few-shot,607,91,698,0.00243
elixir-cloud-aai_tesk-api,gha_to_travis,zero-shot,607,115,722,0.00267
elixir-cloud-aai_tesk-api,gha_to_travis,few-shot,607,79,686,0.00231
encircled_Joiner,gha_to_travis,zero-shot,597,114,711,0.00263
encircled_Joiner,gha_to_travis,few-shot,597,64,661,0.00213
FasterXML_jackson-jr,gha_to_travis,zero-shot,602,81,683,0.00232
FasterXML_jackson-jr,gha_to_travis,few-shot,602,84,686,0.00234
feedzai_feedzai-openml,gha_to_travis,zero-shot,830,206,1036,0.00413
feedzai_feedzai-openml,gha_to_travis,few-shot,830,185,1015,0.00392
fiji_Cell_Counter,gha_to_travis,zero-shot,648,97,745,0.00259
fiji_Cell_Counter,gha_to_travis,few-shot,648,98,746,0.0026
fiji_cookbook,gha_to_travis,zero-shot,648,97,745,0.00259
fiji_cookbook,gha_to_travis,few-shot,648,97,745,0.00259
fiji_KymographBuilder,gha_to_travis,zero-shot,648,97,745,0.00259
fiji_KymographBuilder,gha_to_travis,few-shot,648,98,746,0.0026
fiji_pQCT,gha_to_travis,zero-shot,637,71,708,0.0023
fiji_pQCT,gha_to_travis,few-shot,637,57,694,0.00216
fiji_SPIM_Registration,gha_to_travis,zero-shot,674,117,791,0.00285
fiji_SPIM_Registration,gha_to_travis,few-shot,674,118,792,0.00287
fiji_VIB-lib,gha_to_travis,zero-shot,648,97,745,0.00259
fiji_VIB-lib,gha_to_travis,few-shot,648,98,746,0.0026
future-architect_uroborosql,gha_to_travis,zero-shot,898,301,1199,0.00526
future-architect_uroborosql,gha_to_travis,few-shot,898,311,1209,0.00536
gayanvoice_android-vpn-client-ics-openvpn,gha_to_travis,zero-shot,619,87,706,0.00242
gayanvoice_android-vpn-client-ics-openvpn,gha_to_travis,few-shot,619,110,729,0.00265
Gepardec_Hogarama,gha_to_travis,zero-shot,572,80,652,0.00223
Gepardec_Hogarama,gha_to_travis,few-shot,572,60,632,0.00203
gessnerfl_rabbitmq-queue-management,gha_to_travis,zero-shot,648,139,787,0.00301
gessnerfl_rabbitmq-queue-management,gha_to_travis,few-shot,648,126,774,0.00288
gotify_android,gha_to_travis,zero-shot,1147,387,1534,0.00674
gotify_android,gha_to_travis,few-shot,1147,358,1505,0.00645
GrowthcraftCE_Growthcraft-1.12,gha_to_travis,zero-shot,953,279,1232,0.00517
GrowthcraftCE_Growthcraft-1.12,gha_to_travis,few-shot,953,269,1222,0.00507
Hakky54_mutual-tls-ssl,gha_to_travis,zero-shot,913,192,1105,0.0042
Hakky54_mutual-tls-ssl,gha_to_travis,few-shot,913,161,1074,0.00389
hmcts_ccpay-payment-app,gha_to_travis,zero-shot,637,99,736,0.00258
hmcts_ccpay-payment-app,gha_to_travis,few-shot,637,85,722,0.00244
ibissource_iaf,gha_to_travis,zero-shot,614,118,732,0.00271
ibissource_iaf,gha_to_travis,few-shot,614,82,696,0.00235
ical4j_ical4j-connector,gha_to_travis,zero-shot,993,280,1273,0.00528
ical4j_ical4j-connector,gha_to_travis,few-shot,993,277,1270,0.00525
igniterealtime_openfire-xmldebugger-plugin,gha_to_travis,zero-shot,818,203,1021,0.00408
igniterealtime_openfire-xmldebugger-plugin,gha_to_travis,few-shot,818,209,1027,0.00413
imglib_imglib2,gha_to_travis,zero-shot,619,72,691,0.00227
imglib_imglib2,gha_to_travis,few-shot,619,73,692,0.00228
imglib_imglib2-tutorials,gha_to_travis,zero-shot,675,117,792,0.00286
imglib_imglib2-tutorials,gha_to_travis,few-shot,675,118,793,0.00287
inferno-framework_fhir-validator-wrapper,gha_to_travis,zero-shot,687,153,840,0.00325
inferno-framework_fhir-validator-wrapper,gha_to_travis,few-shot,687,64,751,0.00236
io7m_jcamera,gha_to_travis,zero-shot,687,338,1025,0.0051
io7m_jcamera,gha_to_travis,few-shot,687,232,919,0.00404
io7m_jmurmur,gha_to_travis,zero-shot,708,333,1041,0.0051
io7m_jmurmur,gha_to_travis,few-shot,708,283,991,0.0046
io7m_jproperties,gha_to_travis,zero-shot,744,235,979,0.00421
io7m_jproperties,gha_to_travis,few-shot,744,228,972,0.00414
io7m_jsx,gha_to_travis,zero-shot,745,305,1050,0.00491
io7m_jsx,gha_to_travis,few-shot,745,147,892,0.00333
ipregistry_ipregistry-java,gha_to_travis,zero-shot,597,113,710,0.00262
ipregistry_ipregistry-java,gha_to_travis,few-shot,597,95,692,0.00244
jakubplichta_git-changelog-maven-plugin,gha_to_travis,zero-shot,625,182,807,0.00338
jakubplichta_git-changelog-maven-plugin,gha_to_travis,few-shot,625,118,743,0.00274
jbee_silk,gha_to_travis,zero-shot,594,94,688,0.00243
jbee_silk,gha_to_travis,few-shot,594,55,649,0.00203
jboss_tyr,gha_to_travis,zero-shot,543,100,643,0.00236
jboss_tyr,gha_to_travis,few-shot,543,40,583,0.00176
jenkinsci_jira-plugin,gha_to_travis,zero-shot,863,257,1120,0.00473
jenkinsci_jira-plugin,gha_to_travis,few-shot,863,198,1061,0.00414
jeremylong_DependencyCheck,gha_to_travis,zero-shot,1022,317,1339,0.00573
jeremylong_DependencyCheck,gha_to_travis,few-shot,1022,273,1295,0.00528
JetBrains_jediterm,gha_to_travis,zero-shot,574,85,659,0.00228
JetBrains_jediterm,gha_to_travis,few-shot,574,31,605,0.00174
jnidzwetzki_bboxdb,gha_to_travis,zero-shot,813,260,1073,0.00463
jnidzwetzki_bboxdb,gha_to_travis,few-shot,813,286,1099,0.00489
JodaOrg_joda-time,gha_to_travis,zero-shot,787,193,980,0.0039
JodaOrg_joda-time,gha_to_travis,few-shot,787,168,955,0.00365
junit-team_junit5,gha_to_travis,zero-shot,1361,456,1817,0.00796
junit-team_junit5,gha_to_travis,few-shot,1361,411,1772,0.00751
jwtk_jjwt,gha_to_travis,zero-shot,1095,492,1587,0.00766
jwtk_jjwt,gha_to_travis,few-shot,1095,533,1628,0.00807
kaklakariada_portmapper,gha_to_travis,zero-shot,719,125,844,0.00305
kaklakariada_portmapper,gha_to_travis,few-shot,719,109,828,0.00289
knowm_Yank,gha_to_travis,zero-shot,723,175,898,0.00356
knowm_Yank,gha_to_travis,few-shot,723,163,886,0.00344
komoot_photon,gha_to_travis,zero-shot,592,100,692,0.00248
komoot_photon,gha_to_travis,few-shot,592,70,662,0.00218
kordamp_ikonli,gha_to_travis,zero-shot,661,103,764,0.00268
kordamp_ikonli,gha_to_travis,few-shot,661,75,736,0.0024
kryptokrauts_aepp-sdk-java,gha_to_travis,zero-shot,1698,405,2103,0.0083
kryptokrauts_aepp-sdk-java,gha_to_travis,few-shot,1698,342,2040,0.00767
line_decaton,gha_to_travis,zero-shot,607,81,688,0.00233
line_decaton,gha_to_travis,few-shot,607,68,675,0.0022
linkedin_avro-util,gha_to_travis,zero-shot,771,162,933,0.00355
linkedin_avro-util,gha_to_travis,few-shot,771,120,891,0.00313
mate-academy_hibernate-configuration-hw,gha_to_travis,zero-shot,543,72,615,0.00208
mate-academy_hibernate-configuration-hw,gha_to_travis,few-shot,543,36,579,0.00172
mendhak_gpslogger,gha_to_travis,zero-shot,770,125,895,0.00317
mendhak_gpslogger,gha_to_travis,few-shot,770,125,895,0.00317
michaelliao_itranswarp,gha_to_travis,zero-shot,582,98,680,0.00244
michaelliao_itranswarp,gha_to_travis,few-shot,582,66,648,0.00212
micheljung_nocatch,gha_to_travis,zero-shot,839,245,1084,0.00455
micheljung_nocatch,gha_to_travis,few-shot,839,196,1035,0.00406
miho_VTCC,gha_to_travis,zero-shot,639,157,796,0.00317
miho_VTCC,gha_to_travis,few-shot,639,77,716,0.00237
MilkBowl_VaultAPI,gha_to_travis,zero-shot,672,223,895,0.00391
MilkBowl_VaultAPI,gha_to_travis,few-shot,672,121,793,0.00289
MineLittlePony_BigPony,gha_to_travis,zero-shot,731,101,832,0.00284
MineLittlePony_BigPony,gha_to_travis,few-shot,731,88,819,0.00271
MineLittlePony_HDSkins,gha_to_travis,zero-shot,731,106,837,0.00289
MineLittlePony_HDSkins,gha_to_travis,few-shot,731,84,815,0.00267
minio_minio-java,gha_to_travis,zero-shot,732,197,929,0.0038
minio_minio-java,gha_to_travis,few-shot,732,137,869,0.0032
msmobility_silo,gha_to_travis,zero-shot,677,195,872,0.00364
msmobility_silo,gha_to_travis,few-shot,677,158,835,0.00327
neo4j-contrib_neo4j-jdbc,gha_to_travis,zero-shot,580,113,693,0.00258
neo4j-contrib_neo4j-jdbc,gha_to_travis,few-shot,580,45,625,0.0019
NetLogo_Matrix-Extension,gha_to_travis,zero-shot,649,99,748,0.00261
NetLogo_Matrix-Extension,gha_to_travis,few-shot,649,95,744,0.00257
nhl_dflib,gha_to_travis,zero-shot,846,301,1147,0.00512
nhl_dflib,gha_to_travis,few-shot,846,215,1061,0.00426
nkonev_blog,gha_to_travis,zero-shot,1212,621,1833,0.00924
nkonev_blog,gha_to_travis,few-shot,1212,541,1753,0.00844
nsoft_jesterj,gha_to_travis,zero-shot,772,166,938,0.00359
nsoft_jesterj,gha_to_travis,few-shot,772,137,909,0.0033
OHNLP_MedTagger,gha_to_travis,zero-shot,847,243,1090,0.00455
OHNLP_MedTagger,gha_to_travis,few-shot,847,251,1098,0.00463
opencadc_cadc-target-resolver,gha_to_travis,zero-shot,1310,631,1941,0.00958
opencadc_cadc-target-resolver,gha_to_travis,few-shot,1310,566,1876,0.00894
OpenLiberty_ci.maven,gha_to_travis,zero-shot,856,281,1137,0.00495
OpenLiberty_ci.maven,gha_to_travis,few-shot,856,382,1238,0.00596
OpenLiberty_guide-arquillian-managed,gha_to_travis,zero-shot,1148,537,1685,0.00824
OpenLiberty_guide-arquillian-managed,gha_to_travis,few-shot,1148,336,1484,0.00623
OpenLiberty_guide-cloud-azure,gha_to_travis,zero-shot,817,249,1066,0.00453
OpenLiberty_guide-cloud-azure,gha_to_travis,few-shot,817,253,1070,0.00457
orien_bean-matchers,gha_to_travis,zero-shot,614,131,745,0.00285
orien_bean-matchers,gha_to_travis,few-shot,614,78,692,0.00231
OSGeo_PROJ-JNI,gha_to_travis,zero-shot,1021,447,1468,0.00702
OSGeo_PROJ-JNI,gha_to_travis,few-shot,1021,372,1393,0.00627
otavanopisto_muikku,gha_to_travis,zero-shot,746,136,882,0.00323
otavanopisto_muikku,gha_to_travis,few-shot,746,130,876,0.00317
otto-de_synapse,gha_to_travis,zero-shot,1110,467,1577,0.00745
otto-de_synapse,gha_to_travis,few-shot,1110,387,1497,0.00664
parse-community_Parse-SDK-Android,gha_to_travis,zero-shot,903,277,1180,0.00503
parse-community_Parse-SDK-Android,gha_to_travis,few-shot,903,245,1148,0.00471
Paul2708_simple-commands,gha_to_travis,zero-shot,708,197,905,0.00374
Paul2708_simple-commands,gha_to_travis,few-shot,708,174,882,0.00351
PepperLola_playerinfo,gha_to_travis,zero-shot,987,287,1274,0.00534
PepperLola_playerinfo,gha_to_travis,few-shot,987,285,1272,0.00532
Pi4J_pi4j-v2,gha_to_travis,zero-shot,705,157,862,0.00333
Pi4J_pi4j-v2,gha_to_travis,few-shot,705,155,860,0.00331
playframework_play1,gha_to_travis,zero-shot,645,128,773,0.00289
playframework_play1,gha_to_travis,few-shot,645,113,758,0.00274
PojavLauncherTeam_PojavLauncher,gha_to_travis,zero-shot,1054,294,1348,0.00558
PojavLauncherTeam_PojavLauncher,gha_to_travis,few-shot,1054,321,1375,0.00585
primefaces-extensions_primefaces-integration-tests,gha_to_travis,zero-shot,1080,561,1641,0.00831
primefaces-extensions_primefaces-integration-tests,gha_to_travis,few-shot,1080,397,1477,0.00667
princesslana_smalld,gha_to_travis,zero-shot,939,349,1288,0.00584
princesslana_smalld,gha_to_travis,few-shot,939,249,1188,0.00484
qlefevre_crud-admin-spring-boot-starter,gha_to_travis,zero-shot,648,110,758,0.00272
qlefevre_crud-admin-spring-boot-starter,gha_to_travis,few-shot,648,121,769,0.00283
qos-ch_slf4j,gha_to_travis,zero-shot,584,102,686,0.00248
qos-ch_slf4j,gha_to_travis,few-shot,584,72,656,0.00218
radixdlt_radixdlt,gha_to_travis,zero-shot,769,227,996,0.00419
radixdlt_radixdlt,gha_to_travis,few-shot,769,98,867,0.0029
ralscha_xodus-queue,gha_to_travis,zero-shot,670,154,824,0.00321
ralscha_xodus-queue,gha_to_travis,few-shot,670,85,755,0.00253
reaktivity_nukleus-http.java,gha_to_travis,zero-shot,629,95,724,0.00252
reaktivity_nukleus-http.java,gha_to_travis,few-shot,629,52,681,0.00209
reaktivity_nukleus-maven-plugin,gha_to_travis,zero-shot,627,76,703,0.00233
reaktivity_nukleus-maven-plugin,gha_to_travis,few-shot,627,54,681,0.00211
reaktivity_nukleus-tcp.spec,gha_to_travis,zero-shot,627,89,716,0.00246
reaktivity_nukleus-tcp.spec,gha_to_travis,few-shot,627,52,679,0.00209
redhat-developer_quarkus-ls,gha_to_travis,zero-shot,696,218,914,0.00392
redhat-developer_quarkus-ls,gha_to_travis,few-shot,696,105,801,0.00279
renyuneyun_Easer,gha_to_travis,zero-shot,1076,451,1527,0.0072
renyuneyun_Easer,gha_to_travis,few-shot,1076,363,1439,0.00632
Sandec_JMemoryBuddy,gha_to_travis,zero-shot,565,78,643,0.00219
Sandec_JMemoryBuddy,gha_to_travis,few-shot,565,48,613,0.00189
saucelabs_ci-sauce,gha_to_travis,zero-shot,592,107,699,0.00255
saucelabs_ci-sauce,gha_to_travis,few-shot,592,78,670,0.00226
selenide_selenide,gha_to_travis,zero-shot,1857,722,2579,0.01186
selenide_selenide,gha_to_travis,few-shot,1857,549,2406,0.01013
sizovs_PipelinR,gha_to_travis,zero-shot,590,93,683,0.00241
sizovs_PipelinR,gha_to_travis,few-shot,590,67,657,0.00215
Smarteon_loxone-java,gha_to_travis,zero-shot,997,247,1244,0.00496
Smarteon_loxone-java,gha_to_travis,few-shot,997,266,1263,0.00515
societe-generale_arch-unit-build-plugin-core,gha_to_travis,zero-shot,934,285,1219,0.00519
societe-generale_arch-unit-build-plugin-core,gha_to_travis,few-shot,934,256,1190,0.0049
sockeqwe_AdapterDelegates,gha_to_travis,zero-shot,690,147,837,0.00319
sockeqwe_AdapterDelegates,gha_to_travis,few-shot,690,140,830,0.00312
sofastack_sofa-bolt,gha_to_travis,zero-shot,890,271,1161,0.00494
sofastack_sofa-bolt,gha_to_travis,few-shot,890,246,1136,0.00468
sofastack_sofa-registry,gha_to_travis,zero-shot,604,109,713,0.0026
sofastack_sofa-registry,gha_to_travis,few-shot,604,79,683,0.0023
spigotplugins_fakeplayer,gha_to_travis,zero-shot,566,127,693,0.00268
spigotplugins_fakeplayer,gha_to_travis,few-shot,566,62,628,0.00203
splitio_android-client,gha_to_travis,zero-shot,649,99,748,0.00261
splitio_android-client,gha_to_travis,few-shot,649,81,730,0.00243
spring-cloud_spring-cloud-zookeeper,gha_to_travis,zero-shot,797,255,1052,0.00454
spring-cloud_spring-cloud-zookeeper,gha_to_travis,few-shot,797,241,1038,0.0044
TagnumElite_ProjectE-Integration,gha_to_travis,zero-shot,773,350,1123,0.00543
TagnumElite_ProjectE-Integration,gha_to_travis,few-shot,773,330,1103,0.00523
tanersener_smart-exception,gha_to_travis,zero-shot,639,111,750,0.00271
tanersener_smart-exception,gha_to_travis,few-shot,639,114,753,0.00274
tdebatty_java-string-similarity,gha_to_travis,zero-shot,598,107,705,0.00257
tdebatty_java-string-similarity,gha_to_travis,few-shot,598,78,676,0.00228
tdf_odftoolkit,gha_to_travis,zero-shot,550,80,630,0.00218
tdf_odftoolkit,gha_to_travis,few-shot,550,40,590,0.00178
ThatKawaiiSam_Assemble,gha_to_travis,zero-shot,721,201,922,0.00381
ThatKawaiiSam_Assemble,gha_to_travis,few-shot,721,114,835,0.00294
thepieterdc_dodona-plugin-jetbrains,gha_to_travis,zero-shot,560,75,635,0.00215
thepieterdc_dodona-plugin-jetbrains,gha_to_travis,few-shot,560,47,607,0.00187
TrNdy_mastodon-tracking,gha_to_travis,zero-shot,601,71,672,0.00221
TrNdy_mastodon-tracking,gha_to_travis,few-shot,601,72,673,0.00222
tsandmann_ct-sim,gha_to_travis,zero-shot,570,151,721,0.00294
tsandmann_ct-sim,gha_to_travis,few-shot,570,34,604,0.00177
tsjensen_sercoll,gha_to_travis,zero-shot,759,162,921,0.00352
tsjensen_sercoll,gha_to_travis,few-shot,759,164,923,0.00354
Twasi_twasi-core,gha_to_travis,zero-shot,1009,327,1336,0.00579
Twasi_twasi-core,gha_to_travis,few-shot,1009,187,1196,0.00439
typetools_guava,gha_to_travis,zero-shot,948,325,1273,0.00562
typetools_guava,gha_to_travis,few-shot,948,328,1276,0.00565
utarwyn_SuperJukebox,gha_to_travis,zero-shot,720,231,951,0.00411
utarwyn_SuperJukebox,gha_to_travis,few-shot,720,136,856,0.00316
uw-loci_misc-plugins,gha_to_travis,zero-shot,631,96,727,0.00254
uw-loci_misc-plugins,gha_to_travis,few-shot,631,97,728,0.00255
vert-x3_vertx-bridge-common,gha_to_travis,zero-shot,834,248,1082,0.00456
vert-x3_vertx-bridge-common,gha_to_travis,few-shot,834,175,1009,0.00383
vert-x3_vertx-web,gha_to_travis,zero-shot,1327,549,1876,0.00881
vert-x3_vertx-web,gha_to_travis,few-shot,1327,520,1847,0.00852
vlingo_xoom-turbo,gha_to_travis,zero-shot,790,294,1084,0.00492
vlingo_xoom-turbo,gha_to_travis,few-shot,790,215,1005,0.00413
wcm-io-devops_conga-sling-plugin,gha_to_travis,zero-shot,752,201,953,0.00389
wcm-io-devops_conga-sling-plugin,gha_to_travis,few-shot,752,190,942,0.00378
WISVCH_events,gha_to_travis,zero-shot,1005,357,1362,0.00608
WISVCH_events,gha_to_travis,few-shot,1005,324,1329,0.00575
wte4j_wte4j,gha_to_travis,zero-shot,672,218,890,0.00386
wte4j_wte4j,gha_to_travis,few-shot,672,196,868,0.00364
xenit-eu_alfresco-docker-gradle-plugin,gha_to_travis,zero-shot,1121,436,1557,0.00716
xenit-eu_alfresco-docker-gradle-plugin,gha_to_travis,few-shot,1121,414,1535,0.00694
xerial_sqlite-jdbc,gha_to_travis,zero-shot,606,119,725,0.0027
xerial_sqlite-jdbc,gha_to_travis,few-shot,606,68,674,0.00219
xuxueli_xxl-job,gha_to_travis,zero-shot,574,90,664,0.00233
xuxueli_xxl-job,gha_to_travis,few-shot,574,63,637,0.00206
YakushevVladimir_BibleQuote-for-Android,gha_to_travis,zero-shot,679,141,820,0.00311
YakushevVladimir_BibleQuote-for-Android,gha_to_travis,few-shot,679,137,816,0.00307
yuxuanchiadm_SkyCraftUpdater,gha_to_travis,zero-shot,563,75,638,0.00216
yuxuanchiadm_SkyCraftUpdater,gha_to_travis,few-shot,563,45,608,0.00186
