instruction,input,output,direction,project
"You are an Expert DevOps Engineer specializing in Travis CI to GitHub Actions migrations. Migrate this Travis CI config to a COMPLETE GitHub Actions workflow.

OUTPUT RULES
- Output YAML only (no prose). Your output MUST start with ""name:"" and include top-level keys: name, on, jobs.
- Include at least one job with: runs-on, steps.
- Do NOT output a snippet (must not start with ""- uses:"" or ""- run:"").

CONVERSION RULES
- Preserve semantics: env (global/matrix), caches, services/addons, branch/tag filters, deploys, notifications.
- Map Travis lifecycle to GHA steps: before_install, install, before_script, script, after_success/failure, deploy.
- Map matrices: jdk/node_js/python/go -> strategy.matrix; allow_failures -> continue-on-error.
- Env: env.global -> env (workflow/job/step). $FOO secrets -> ${{ secrets.FOO }}.
- Caches: cache: directories -> actions/cache@v4 with stable keys.
- Services/addons: services (dbs) -> jobs.<job>.services; addons.apt -> apt-get steps.
- Docker/Compose: preserve docker build/push and docker-compose up/down; keep wait loops verbatim.
- Triggers: preserve original branch/tag names; do not invent ""main"" or ""master"".
- Use modern actions: actions/checkout@v4; actions/setup-java@v4 (distribution: temurin), setup-node@v4, setup-python@v5, setup-go@v5.
- Do NOT introduce tools/registries not in the source (Buildx, login actions, GHCR, Sonar, custom email actions). If no 1:1 equivalent, add a short ""# TODO:"" comment.
- Prefer compact flow style for simple event lists. Use on: [push, pull_request] instead of multiline empty mappings.
- Do not leave empty event mappings.
- If branch/tag filters are required, switch to the expanded form for that event only.
- For any properties not explicitly specified (e.g., OS, JDK, Maven goals, etc.), use Travis CI's default behavior as the reference.


Now migrate below input section Travis CI configuration to equivalent complete GitHub Actions workflow and return ONLY the complete migrated YAML maintaining the above OUTPUT and CONVERSION rules.","sudo: required
dist: trixie
addons:
  apt:
    packages:
      - bc
      - parallel
language: java
jdk:
  - openjdk25
  - oraclejdk25
script: make verify
",,travis_to_gha,FAU-Inf2_AuDoscore
"You are an Expert DevOps Engineer specializing in Travis CI to GitHub Actions migrations. Migrate this Travis CI config to a COMPLETE GitHub Actions workflow.

OUTPUT RULES
- Output YAML only (no prose). Your output MUST start with ""name:"" and include top-level keys: name, on, jobs.
- Include at least one job with: runs-on, steps.
- Do NOT output a snippet (must not start with ""- uses:"" or ""- run:"").

CONVERSION RULES
- Preserve semantics: env (global/matrix), caches, services/addons, branch/tag filters, deploys, notifications.
- Map Travis lifecycle to GHA steps: before_install, install, before_script, script, after_success/failure, deploy.
- Map matrices: jdk/node_js/python/go -> strategy.matrix; allow_failures -> continue-on-error.
- Env: env.global -> env (workflow/job/step). $FOO secrets -> ${{ secrets.FOO }}.
- Caches: cache: directories -> actions/cache@v4 with stable keys.
- Services/addons: services (dbs) -> jobs.<job>.services; addons.apt -> apt-get steps.
- Docker/Compose: preserve docker build/push and docker-compose up/down; keep wait loops verbatim.
- Triggers: preserve original branch/tag names; do not invent ""main"" or ""master"".
- Use modern actions: actions/checkout@v4; actions/setup-java@v4 (distribution: temurin), setup-node@v4, setup-python@v5, setup-go@v5.
- Do NOT introduce tools/registries not in the source (Buildx, login actions, GHCR, Sonar, custom email actions). If no 1:1 equivalent, add a short ""# TODO:"" comment.
- Prefer compact flow style for simple event lists. Use on: [push, pull_request] instead of multiline empty mappings.
- Do not leave empty event mappings.
- If branch/tag filters are required, switch to the expanded form for that event only.
- For any properties not explicitly specified (e.g., OS, JDK, Maven goals, etc.), use Travis CI's default behavior as the reference.


Now migrate below input section Travis CI configuration to equivalent complete GitHub Actions workflow and return ONLY the complete migrated YAML maintaining the above OUTPUT and CONVERSION rules.","language: java
jdk: oraclejdk21
#dist: trusty
",,travis_to_gha,davidecolombo_noip
"You are an Expert DevOps Engineer specializing in Travis CI to GitHub Actions migrations. Migrate this Travis CI config to a COMPLETE GitHub Actions workflow.

OUTPUT RULES
- Output YAML only (no prose). Your output MUST start with ""name:"" and include top-level keys: name, on, jobs.
- Include at least one job with: runs-on, steps.
- Do NOT output a snippet (must not start with ""- uses:"" or ""- run:"").

CONVERSION RULES
- Preserve semantics: env (global/matrix), caches, services/addons, branch/tag filters, deploys, notifications.
- Map Travis lifecycle to GHA steps: before_install, install, before_script, script, after_success/failure, deploy.
- Map matrices: jdk/node_js/python/go -> strategy.matrix; allow_failures -> continue-on-error.
- Env: env.global -> env (workflow/job/step). $FOO secrets -> ${{ secrets.FOO }}.
- Caches: cache: directories -> actions/cache@v4 with stable keys.
- Services/addons: services (dbs) -> jobs.<job>.services; addons.apt -> apt-get steps.
- Docker/Compose: preserve docker build/push and docker-compose up/down; keep wait loops verbatim.
- Triggers: preserve original branch/tag names; do not invent ""main"" or ""master"".
- Use modern actions: actions/checkout@v4; actions/setup-java@v4 (distribution: temurin), setup-node@v4, setup-python@v5, setup-go@v5.
- Do NOT introduce tools/registries not in the source (Buildx, login actions, GHCR, Sonar, custom email actions). If no 1:1 equivalent, add a short ""# TODO:"" comment.
- Prefer compact flow style for simple event lists. Use on: [push, pull_request] instead of multiline empty mappings.
- Do not leave empty event mappings.
- If branch/tag filters are required, switch to the expanded form for that event only.
- For any properties not explicitly specified (e.g., OS, JDK, Maven goals, etc.), use Travis CI's default behavior as the reference.


Now migrate below input section Travis CI configuration to equivalent complete GitHub Actions workflow and return ONLY the complete migrated YAML maintaining the above OUTPUT and CONVERSION rules.","language: java
dist: focal

jdk:
  - openjdk21

before_install:
  - sudo rm -rf /var/lib/elasticsearch
  - curl https://artifacts.elastic.co/downloads/elasticsearch/elasticsearch-9.1.4-amd64.deb -o elasticsearch.deb && sudo dpkg -i --force-confnew elasticsearch.deb
  - sudo cp ./src/test/resources/elasticsearch.yml /etc/elasticsearch/elasticsearch.yml
  - sudo cat /etc/elasticsearch/elasticsearch.yml
  - sudo java -version
  - sudo chown -R elasticsearch:elasticsearch /etc/default/elasticsearch
  - sudo service elasticsearch start
  - sleep 30

install:
  - mvn install -DskipTests=true -Dmaven.javadoc.skip=true -Dgpg.skip=true

script:
  - ulimit -a
  - mvn test
",,travis_to_gha,NLPchina_elasticsearch-sql
"You are an Expert DevOps Engineer specializing in Travis CI to GitHub Actions migrations. Migrate this Travis CI config to a COMPLETE GitHub Actions workflow.

OUTPUT RULES
- Output YAML only (no prose). Your output MUST start with ""name:"" and include top-level keys: name, on, jobs.
- Include at least one job with: runs-on, steps.
- Do NOT output a snippet (must not start with ""- uses:"" or ""- run:"").

CONVERSION RULES
- Preserve semantics: env (global/matrix), caches, services/addons, branch/tag filters, deploys, notifications.
- Map Travis lifecycle to GHA steps: before_install, install, before_script, script, after_success/failure, deploy.
- Map matrices: jdk/node_js/python/go -> strategy.matrix; allow_failures -> continue-on-error.
- Env: env.global -> env (workflow/job/step). $FOO secrets -> ${{ secrets.FOO }}.
- Caches: cache: directories -> actions/cache@v4 with stable keys.
- Services/addons: services (dbs) -> jobs.<job>.services; addons.apt -> apt-get steps.
- Docker/Compose: preserve docker build/push and docker-compose up/down; keep wait loops verbatim.
- Triggers: preserve original branch/tag names; do not invent ""main"" or ""master"".
- Use modern actions: actions/checkout@v4; actions/setup-java@v4 (distribution: temurin), setup-node@v4, setup-python@v5, setup-go@v5.
- Do NOT introduce tools/registries not in the source (Buildx, login actions, GHCR, Sonar, custom email actions). If no 1:1 equivalent, add a short ""# TODO:"" comment.
- Prefer compact flow style for simple event lists. Use on: [push, pull_request] instead of multiline empty mappings.
- Do not leave empty event mappings.
- If branch/tag filters are required, switch to the expanded form for that event only.
- For any properties not explicitly specified (e.g., OS, JDK, Maven goals, etc.), use Travis CI's default behavior as the reference.


Now migrate below input section Travis CI configuration to equivalent complete GitHub Actions workflow and return ONLY the complete migrated YAML maintaining the above OUTPUT and CONVERSION rules.","language: minimal

git:
  depth: false

os: linux
dist: jammy

cache:
  directories:
    - $HOME/.m2

services:
  - docker

script:
  - travis_retry docker run -v $PWD:/src -v $HOME/.m2:/root/.m2 -e VAULT_TOKEN=$VAULT_TOKEN moussavdb/build-java:lts
",,travis_to_gha,yildiz-online_engine-shared
"You are an Expert DevOps Engineer specializing in Travis CI to GitHub Actions migrations. Migrate this Travis CI config to a COMPLETE GitHub Actions workflow.

OUTPUT RULES
- Output YAML only (no prose). Your output MUST start with ""name:"" and include top-level keys: name, on, jobs.
- Include at least one job with: runs-on, steps.
- Do NOT output a snippet (must not start with ""- uses:"" or ""- run:"").

CONVERSION RULES
- Preserve semantics: env (global/matrix), caches, services/addons, branch/tag filters, deploys, notifications.
- Map Travis lifecycle to GHA steps: before_install, install, before_script, script, after_success/failure, deploy.
- Map matrices: jdk/node_js/python/go -> strategy.matrix; allow_failures -> continue-on-error.
- Env: env.global -> env (workflow/job/step). $FOO secrets -> ${{ secrets.FOO }}.
- Caches: cache: directories -> actions/cache@v4 with stable keys.
- Services/addons: services (dbs) -> jobs.<job>.services; addons.apt -> apt-get steps.
- Docker/Compose: preserve docker build/push and docker-compose up/down; keep wait loops verbatim.
- Triggers: preserve original branch/tag names; do not invent ""main"" or ""master"".
- Use modern actions: actions/checkout@v4; actions/setup-java@v4 (distribution: temurin), setup-node@v4, setup-python@v5, setup-go@v5.
- Do NOT introduce tools/registries not in the source (Buildx, login actions, GHCR, Sonar, custom email actions). If no 1:1 equivalent, add a short ""# TODO:"" comment.
- Prefer compact flow style for simple event lists. Use on: [push, pull_request] instead of multiline empty mappings.
- Do not leave empty event mappings.
- If branch/tag filters are required, switch to the expanded form for that event only.
- For any properties not explicitly specified (e.g., OS, JDK, Maven goals, etc.), use Travis CI's default behavior as the reference.


Now migrate below input section Travis CI configuration to equivalent complete GitHub Actions workflow and return ONLY the complete migrated YAML maintaining the above OUTPUT and CONVERSION rules.","language: generic

git:
  depth: false

os: linux
dist: jammy

cache:
  directories:
    - $HOME/.m2

services:
  - docker

script:
  - travis_retry docker run -v $PWD:/src -v $HOME/.m2:/root/.m2 -e BRANCH=$TRAVIS_BRANCH -e VAULT_TOKEN=$VAULT_TOKEN moussavdb/build-java:lts
",,travis_to_gha,yildiz-online_common-client
"You are an Expert DevOps Engineer specializing in Travis CI to GitHub Actions migrations. Migrate this Travis CI config to a COMPLETE GitHub Actions workflow.

OUTPUT RULES
- Output YAML only (no prose). Your output MUST start with ""name:"" and include top-level keys: name, on, jobs.
- Include at least one job with: runs-on, steps.
- Do NOT output a snippet (must not start with ""- uses:"" or ""- run:"").

CONVERSION RULES
- Preserve semantics: env (global/matrix), caches, services/addons, branch/tag filters, deploys, notifications.
- Map Travis lifecycle to GHA steps: before_install, install, before_script, script, after_success/failure, deploy.
- Map matrices: jdk/node_js/python/go -> strategy.matrix; allow_failures -> continue-on-error.
- Env: env.global -> env (workflow/job/step). $FOO secrets -> ${{ secrets.FOO }}.
- Caches: cache: directories -> actions/cache@v4 with stable keys.
- Services/addons: services (dbs) -> jobs.<job>.services; addons.apt -> apt-get steps.
- Docker/Compose: preserve docker build/push and docker-compose up/down; keep wait loops verbatim.
- Triggers: preserve original branch/tag names; do not invent ""main"" or ""master"".
- Use modern actions: actions/checkout@v4; actions/setup-java@v4 (distribution: temurin), setup-node@v4, setup-python@v5, setup-go@v5.
- Do NOT introduce tools/registries not in the source (Buildx, login actions, GHCR, Sonar, custom email actions). If no 1:1 equivalent, add a short ""# TODO:"" comment.
- Prefer compact flow style for simple event lists. Use on: [push, pull_request] instead of multiline empty mappings.
- Do not leave empty event mappings.
- If branch/tag filters are required, switch to the expanded form for that event only.
- For any properties not explicitly specified (e.g., OS, JDK, Maven goals, etc.), use Travis CI's default behavior as the reference.


Now migrate below input section Travis CI configuration to equivalent complete GitHub Actions workflow and return ONLY the complete migrated YAML maintaining the above OUTPUT and CONVERSION rules.","language: java
",,travis_to_gha,furti_spring-web-extended
"You are an Expert DevOps Engineer specializing in Travis CI to GitHub Actions migrations. Migrate this Travis CI config to a COMPLETE GitHub Actions workflow.

OUTPUT RULES
- Output YAML only (no prose). Your output MUST start with ""name:"" and include top-level keys: name, on, jobs.
- Include at least one job with: runs-on, steps.
- Do NOT output a snippet (must not start with ""- uses:"" or ""- run:"").

CONVERSION RULES
- Preserve semantics: env (global/matrix), caches, services/addons, branch/tag filters, deploys, notifications.
- Map Travis lifecycle to GHA steps: before_install, install, before_script, script, after_success/failure, deploy.
- Map matrices: jdk/node_js/python/go -> strategy.matrix; allow_failures -> continue-on-error.
- Env: env.global -> env (workflow/job/step). $FOO secrets -> ${{ secrets.FOO }}.
- Caches: cache: directories -> actions/cache@v4 with stable keys.
- Services/addons: services (dbs) -> jobs.<job>.services; addons.apt -> apt-get steps.
- Docker/Compose: preserve docker build/push and docker-compose up/down; keep wait loops verbatim.
- Triggers: preserve original branch/tag names; do not invent ""main"" or ""master"".
- Use modern actions: actions/checkout@v4; actions/setup-java@v4 (distribution: temurin), setup-node@v4, setup-python@v5, setup-go@v5.
- Do NOT introduce tools/registries not in the source (Buildx, login actions, GHCR, Sonar, custom email actions). If no 1:1 equivalent, add a short ""# TODO:"" comment.
- Prefer compact flow style for simple event lists. Use on: [push, pull_request] instead of multiline empty mappings.
- Do not leave empty event mappings.
- If branch/tag filters are required, switch to the expanded form for that event only.
- For any properties not explicitly specified (e.g., OS, JDK, Maven goals, etc.), use Travis CI's default behavior as the reference.


Now migrate below input section Travis CI configuration to equivalent complete GitHub Actions workflow and return ONLY the complete migrated YAML maintaining the above OUTPUT and CONVERSION rules.","# .travis.yml
language: java
dist: noble
jdk: openjdk11
jobs:
  include:
    - if: repo = alfasoftware/soapstone AND type = pull_request
      name: ""Test""
      script: mvn clean test -B -U -Pdefault
    - if: repo = alfasoftware/soapstone AND (branch = master OR tag IS present) AND NOT type = pull_request
      name: ""Test and Deploy""
      script:
        - echo $GPG_SECRET_KEYS | base64 --decode | $GPG_EXECUTABLE --batch --import
        - echo $GPG_OWNERTRUST | base64 --decode | $GPG_EXECUTABLE --batch --import-ownertrust
        - mvn clean deploy --settings .maven-settings.xml -B -U -Prelease

",,travis_to_gha,alfasoftware_soapstone
"You are an Expert DevOps Engineer specializing in Travis CI to GitHub Actions migrations. Migrate this Travis CI config to a COMPLETE GitHub Actions workflow.

OUTPUT RULES
- Output YAML only (no prose). Your output MUST start with ""name:"" and include top-level keys: name, on, jobs.
- Include at least one job with: runs-on, steps.
- Do NOT output a snippet (must not start with ""- uses:"" or ""- run:"").

CONVERSION RULES
- Preserve semantics: env (global/matrix), caches, services/addons, branch/tag filters, deploys, notifications.
- Map Travis lifecycle to GHA steps: before_install, install, before_script, script, after_success/failure, deploy.
- Map matrices: jdk/node_js/python/go -> strategy.matrix; allow_failures -> continue-on-error.
- Env: env.global -> env (workflow/job/step). $FOO secrets -> ${{ secrets.FOO }}.
- Caches: cache: directories -> actions/cache@v4 with stable keys.
- Services/addons: services (dbs) -> jobs.<job>.services; addons.apt -> apt-get steps.
- Docker/Compose: preserve docker build/push and docker-compose up/down; keep wait loops verbatim.
- Triggers: preserve original branch/tag names; do not invent ""main"" or ""master"".
- Use modern actions: actions/checkout@v4; actions/setup-java@v4 (distribution: temurin), setup-node@v4, setup-python@v5, setup-go@v5.
- Do NOT introduce tools/registries not in the source (Buildx, login actions, GHCR, Sonar, custom email actions). If no 1:1 equivalent, add a short ""# TODO:"" comment.
- Prefer compact flow style for simple event lists. Use on: [push, pull_request] instead of multiline empty mappings.
- Do not leave empty event mappings.
- If branch/tag filters are required, switch to the expanded form for that event only.
- For any properties not explicitly specified (e.g., OS, JDK, Maven goals, etc.), use Travis CI's default behavior as the reference.


Now migrate below input section Travis CI configuration to equivalent complete GitHub Actions workflow and return ONLY the complete migrated YAML maintaining the above OUTPUT and CONVERSION rules.","sudo: false
arch: amd64          # optional, this is default, routes to a full VM
os: linux            # optional, this is default
dist: noble          # or jammy | focal | bionic | xenial | trusty | precise with xenial as default
language: java
jdk:
   - openjdk17
cache:
  directories:
  - $HOME/.m2
  - $HOME/apache-maven-3.8.6

## export GPG details
before_install:
  - echo use-agent >> ~/.gnupg/gpg.conf
  - echo pinentry-mode loopback >> ~/.gnupg/gpg.conf
  - echo allow-loopback-pinentry >> ~/.gnupg/gpg-agent.conf
  - echo RELOADAGENT | gpg-connect-agent
  - echo $GPG_SECRET_KEYS | base64 --decode | $GPG_EXECUTABLE --import --no-tty --batch --yes
  - echo $GPG_OWNERTRUST | base64 --decode | $GPG_EXECUTABLE --import-ownertrust
  - export M2_HOME=$HOME/apache-maven-3.8.6
  - if [ ! -d $M2_HOME/bin ]; then curl https://archive.apache.org/dist/maven/maven-3/3.8.6/binaries/apache-maven-3.8.6-bin.tar.gz | tar zxf - -C $HOME; fi
  - export PATH=$M2_HOME/bin:$PATH

install: skip

script: mvn --file ikasaneip/pom.xml --settings .settings.xml clean install -Dmaven.javadoc.skip=true -Djava.security.egd=file:/dev/./urandom -Pall -B -V

deploy:
  # deploy develop 3.3.x to oss
  - provider: script
    skip_cleanup: true
    script: mvn -quiet --file ikasaneip/pom.xml deploy -DskipTests=true -Djava.security.egd=file:/dev/./urandom -Pall -B  -V --settings .settings.xml
    on:
      branch: 3.3.x
  # deploy develop 4.0.x to oss
  - provider: script
    skip_cleanup: true
    script: mvn --file ikasaneip/pom.xml deploy -DskipTests=true -Djava.security.egd=file:/dev/./urandom -Pall -B  -V --settings .settings.xml
    on:
      branch: 4.0.x
  # deploy develop 4.1.x to oss
  - provider: script
    skip_cleanup: true
    script: mvn -quiet --file ikasaneip/pom.xml deploy -DskipTests=true -Djava.security.egd=file:/dev/./urandom -Pall -B  -V --settings .settings.xml
    on:
      branch: 4.1.x
  # Push release to oss
  - provider: script
    skip_cleanup: true
    script: mvn -quiet --file ikasaneip/pom.xml deploy -DskipTests=true -Djava.security.egd=file:/dev/./urandom -Pall,release-sign-artifacts -B  -V --settings .settings.xml
    on:
      tags: true
",,travis_to_gha,ikasanEIP_ikasan
"You are an Expert DevOps Engineer specializing in Travis CI to GitHub Actions migrations. Migrate this Travis CI config to a COMPLETE GitHub Actions workflow.

OUTPUT RULES
- Output YAML only (no prose). Your output MUST start with ""name:"" and include top-level keys: name, on, jobs.
- Include at least one job with: runs-on, steps.
- Do NOT output a snippet (must not start with ""- uses:"" or ""- run:"").

CONVERSION RULES
- Preserve semantics: env (global/matrix), caches, services/addons, branch/tag filters, deploys, notifications.
- Map Travis lifecycle to GHA steps: before_install, install, before_script, script, after_success/failure, deploy.
- Map matrices: jdk/node_js/python/go -> strategy.matrix; allow_failures -> continue-on-error.
- Env: env.global -> env (workflow/job/step). $FOO secrets -> ${{ secrets.FOO }}.
- Caches: cache: directories -> actions/cache@v4 with stable keys.
- Services/addons: services (dbs) -> jobs.<job>.services; addons.apt -> apt-get steps.
- Docker/Compose: preserve docker build/push and docker-compose up/down; keep wait loops verbatim.
- Triggers: preserve original branch/tag names; do not invent ""main"" or ""master"".
- Use modern actions: actions/checkout@v4; actions/setup-java@v4 (distribution: temurin), setup-node@v4, setup-python@v5, setup-go@v5.
- Do NOT introduce tools/registries not in the source (Buildx, login actions, GHCR, Sonar, custom email actions). If no 1:1 equivalent, add a short ""# TODO:"" comment.
- Prefer compact flow style for simple event lists. Use on: [push, pull_request] instead of multiline empty mappings.
- Do not leave empty event mappings.
- If branch/tag filters are required, switch to the expanded form for that event only.
- For any properties not explicitly specified (e.g., OS, JDK, Maven goals, etc.), use Travis CI's default behavior as the reference.


Now migrate below input section Travis CI configuration to equivalent complete GitHub Actions workflow and return ONLY the complete migrated YAML maintaining the above OUTPUT and CONVERSION rules.","dist: focal

language: java

jdk:
  - openjdk8
  
branches:
  only:
    - master
    - stable

services:
  - docker
  - mysql
  
addons:
  postgresql: 12
  ssh_known_hosts:
  - ftp.interlis.ch
  apt:
    packages:
    - python3
    - python3-pip
    - postgresql-postgis
#    - python3-docutils    
env:
  global:
  - PGPORT=5433
  - PGUSER=postgres
  
install: true

before_script:
    - # show port used by different installed versions
    - grep port /etc/postgresql/*/main/postgresql.conf
    - # enable same access rules in new installed version 12 as in pre-installed version 13
    - sudo cp /etc/postgresql/13/main/pg_hba.conf /etc/postgresql/12/main/pg_hba.conf
    - # restart postgresql because of changes to pg_hba.conf
    - sudo service postgresql stop
    - sudo service postgresql start 12
    - echo ""$DOCKER_PASSWORD"" | docker login -u ""$DOCKER_USERNAME"" --password-stdin
    - docker run --name=mssql-test -e 'ACCEPT_EULA=Y' -e 'MSSQL_PID=Developer' -e 'MSSQL_SA_PASSWORD=MsInst2019x' -p 1433:1433 -d mcr.microsoft.com/mssql/server:2022-CU9-ubuntu-20.04
    - # localhost is ""-S .""
    - sleep 30; docker ps -a; docker logs --tail=50 mssql-test; docker exec -it mssql-test  /opt/mssql-tools/bin/sqlcmd -S . -U sa -P MsInst2019x -Q 'SELECT @@VERSION;'
    - docker exec -it mssql-test  /opt/mssql-tools/bin/sqlcmd -S . -U sa -P MsInst2019x -Q 'create database ili2db;'
    - mysql -u root --password="""" -e 'SHOW VARIABLES LIKE ""%version%"";'
    - psql -c 'create database ili2db;' -U $PGUSER
    - psql -c 'select version();' -d ili2db -U $PGUSER
    - psql -c 'create extension if not exists postgis;' -d ili2db -U $PGUSER
    - psql -c 'create extension if not exists ""uuid-ossp"";' -d ili2db -U $PGUSER
    - psql -c 'select postgis_full_version();' -d ili2db -U $PGUSER
    - # dpkg-query -L python3-docutils
    - python3 --version
    - # python3 -m pip install docutils # results in permission denied
    - # virtualenv my_py3 --python=/usr/bin/python3
    - virtualenv -p python3 my_py3
    - source my_py3/bin/activate # to activate the python3 environemt    
    - python -m pip --trusted-host pypi.org --trusted-host pypi.python.org --trusted-host files.pythonhosted.org install docutils
    - python -m pip --trusted-host pypi.org --trusted-host pypi.python.org --trusted-host files.pythonhosted.org install Pygments
    - python -m pip --trusted-host pypi.org --trusted-host pypi.python.org --trusted-host files.pythonhosted.org install rst2html
    - python -m pip freeze
    - 
script: 
  - # ant -f build-ili2pg.xml jar
  - ./gradlew jar test 
  - ./gradlew ili2mysqlJar ili2mysqlTest -Dmyurl=jdbc:mysql://localhost/ili2db?useSSL=false -Dmyusr=root
  - ./gradlew ili2pgJar ili2pgTest -Ddburl=jdbc:postgresql://127.0.0.1:$PGPORT/ili2db -Ddbusr=$PGUSER
  - ./gradlew ili2gpkgJar ili2gpkgTest
  - ./gradlew ili2fgdbJar
  - ./gradlew ili2mssqlJar ili2mssqlTest ""-Ddburl=jdbc:sqlserver://localhost;databaseName=ili2db"" -Ddbusr=sa -Ddbpwd=MsInst2019x
  - # ./gradlew ili2oraJar ili2oraTest
  - ./gradlew -Drst2html=`which rst2html.py` usrdoc testreport ili2mysqlBindist ili2pgBindist ili2fgdbBindist ili2mssqlBindist ili2oraBindist
after_failure:
  - cat build/junitreport/junit-noframes.html && sleep 10
deploy:
  - provider: script
    skip_cleanup: true
    script: ./gradlew -Drst2html=`which rst2html.py` -Drepos_pwd=${repos_pwd} -Drepos_usr=jql_jars-INTE uploadArchives
    on:
      branch: master
  - provider: script
    skip_cleanup: true
    script: ./gradlew -Drst2html=`which rst2html.py` -Drepos_pwd=${repos_pwd} -Drepos_usr=jql_jars-INTE '-Drelease=' -Ddownloads_pwd=${downloads_pwd} -Ddownloads_usr=jql_downloads -Ddocs_pwd=${docs_pwd} -Ddocs_usr=jql_docs uploadArchives uploadBin uploadDoc
    on:
      branch: stable
notifications:
  email:
    on_success: change # default: change
    on_failure: always # default: always",,travis_to_gha,claeis_ili2db
"You are an Expert DevOps Engineer specializing in Travis CI to GitHub Actions migrations. Migrate this Travis CI config to a COMPLETE GitHub Actions workflow.

OUTPUT RULES
- Output YAML only (no prose). Your output MUST start with ""name:"" and include top-level keys: name, on, jobs.
- Include at least one job with: runs-on, steps.
- Do NOT output a snippet (must not start with ""- uses:"" or ""- run:"").

CONVERSION RULES
- Preserve semantics: env (global/matrix), caches, services/addons, branch/tag filters, deploys, notifications.
- Map Travis lifecycle to GHA steps: before_install, install, before_script, script, after_success/failure, deploy.
- Map matrices: jdk/node_js/python/go -> strategy.matrix; allow_failures -> continue-on-error.
- Env: env.global -> env (workflow/job/step). $FOO secrets -> ${{ secrets.FOO }}.
- Caches: cache: directories -> actions/cache@v4 with stable keys.
- Services/addons: services (dbs) -> jobs.<job>.services; addons.apt -> apt-get steps.
- Docker/Compose: preserve docker build/push and docker-compose up/down; keep wait loops verbatim.
- Triggers: preserve original branch/tag names; do not invent ""main"" or ""master"".
- Use modern actions: actions/checkout@v4; actions/setup-java@v4 (distribution: temurin), setup-node@v4, setup-python@v5, setup-go@v5.
- Do NOT introduce tools/registries not in the source (Buildx, login actions, GHCR, Sonar, custom email actions). If no 1:1 equivalent, add a short ""# TODO:"" comment.
- Prefer compact flow style for simple event lists. Use on: [push, pull_request] instead of multiline empty mappings.
- Do not leave empty event mappings.
- If branch/tag filters are required, switch to the expanded form for that event only.
- For any properties not explicitly specified (e.g., OS, JDK, Maven goals, etc.), use Travis CI's default behavior as the reference.


Now migrate below input section Travis CI configuration to equivalent complete GitHub Actions workflow and return ONLY the complete migrated YAML maintaining the above OUTPUT and CONVERSION rules.","language: java
jdk:
- openjdk17
services:
  - postgresql
  - mysql
before_script:
- psql -c 'create database travis_ci_test;' -U postgres
- psql -c 'create schema j_some authorization postgres;' -U postgres travis_ci_test
- psql -c ""CREATE ROLE javers LOGIN PASSWORD 'javers' SUPERUSER;"" -U postgres
- psql -c 'SHOW server_version_num;' -U postgres
- mysql -e 'CREATE DATABASE travis_ci_test;' -u root
- mysql -e ""CREATE USER 'javers'@'localhost' IDENTIFIED BY 'javers';"" -u root
- mysql -e ""GRANT ALL PRIVILEGES ON travis_ci_test.* TO 'javers'@'localhost' WITH GRANT OPTION;"" -u root
script:
- ./gradlew build
- ./gradlew integrationTest
deploy:
  skip_cleanup: true
  provider: script
  script: travis/deployToSonatype.sh
  on:
    tags: true
    branch: master

",,travis_to_gha,javers_javers
"You are an Expert DevOps Engineer specializing in Travis CI to GitHub Actions migrations. Migrate this Travis CI config to a COMPLETE GitHub Actions workflow.

OUTPUT RULES
- Output YAML only (no prose). Your output MUST start with ""name:"" and include top-level keys: name, on, jobs.
- Include at least one job with: runs-on, steps.
- Do NOT output a snippet (must not start with ""- uses:"" or ""- run:"").

CONVERSION RULES
- Preserve semantics: env (global/matrix), caches, services/addons, branch/tag filters, deploys, notifications.
- Map Travis lifecycle to GHA steps: before_install, install, before_script, script, after_success/failure, deploy.
- Map matrices: jdk/node_js/python/go -> strategy.matrix; allow_failures -> continue-on-error.
- Env: env.global -> env (workflow/job/step). $FOO secrets -> ${{ secrets.FOO }}.
- Caches: cache: directories -> actions/cache@v4 with stable keys.
- Services/addons: services (dbs) -> jobs.<job>.services; addons.apt -> apt-get steps.
- Docker/Compose: preserve docker build/push and docker-compose up/down; keep wait loops verbatim.
- Triggers: preserve original branch/tag names; do not invent ""main"" or ""master"".
- Use modern actions: actions/checkout@v4; actions/setup-java@v4 (distribution: temurin), setup-node@v4, setup-python@v5, setup-go@v5.
- Do NOT introduce tools/registries not in the source (Buildx, login actions, GHCR, Sonar, custom email actions). If no 1:1 equivalent, add a short ""# TODO:"" comment.
- Prefer compact flow style for simple event lists. Use on: [push, pull_request] instead of multiline empty mappings.
- Do not leave empty event mappings.
- If branch/tag filters are required, switch to the expanded form for that event only.
- For any properties not explicitly specified (e.g., OS, JDK, Maven goals, etc.), use Travis CI's default behavior as the reference.


Now migrate below input section Travis CI configuration to equivalent complete GitHub Actions workflow and return ONLY the complete migrated YAML maintaining the above OUTPUT and CONVERSION rules.","language: android
jdk: oraclejdk8
env:
 global:
    - ANDROID_API_LEVEL=25
    - ANDROID_BUILD_TOOLS_VERSION=25.0.2
android:
 licenses:
    - 'android-sdk-preview-license-.+'
    - 'android-sdk-license-.+'
    - 'google-gdk-license-.+'
 components:
    - tools
    - platform-tools
    # The BuildTools version used by your project
    - build-tools-$ANDROID_BUILD_TOOLS_VERSION
    # The SDK version used to compile your project
    - android-$ANDROID_API_LEVEL
    # Additional components
    - extra-google-google_play_services
    - extra-google-m2repository
    - extra-android-m2repository
    - addon-google_apis-google-$ANDROID_API_LEVEL
before_script:
    # Prepare pre-accepted licenses to not be promted at installation
    # - mkdir -p ""$ANDROID_HOME/licenses""
    #  - cp ./google-licenses/* ""$ANDROID_HOME/licenses/""    
before_install:
  - yes | sdkmanager ""platforms;android-25""
  - yes | sdkmanager ""build-tools;25.0.3""
script:
    - ./gradlew build check
",,travis_to_gha,Infineon_BlockchainSecurity2Go-Android
"You are an Expert DevOps Engineer specializing in Travis CI to GitHub Actions migrations. Migrate this Travis CI config to a COMPLETE GitHub Actions workflow.

OUTPUT RULES
- Output YAML only (no prose). Your output MUST start with ""name:"" and include top-level keys: name, on, jobs.
- Include at least one job with: runs-on, steps.
- Do NOT output a snippet (must not start with ""- uses:"" or ""- run:"").

CONVERSION RULES
- Preserve semantics: env (global/matrix), caches, services/addons, branch/tag filters, deploys, notifications.
- Map Travis lifecycle to GHA steps: before_install, install, before_script, script, after_success/failure, deploy.
- Map matrices: jdk/node_js/python/go -> strategy.matrix; allow_failures -> continue-on-error.
- Env: env.global -> env (workflow/job/step). $FOO secrets -> ${{ secrets.FOO }}.
- Caches: cache: directories -> actions/cache@v4 with stable keys.
- Services/addons: services (dbs) -> jobs.<job>.services; addons.apt -> apt-get steps.
- Docker/Compose: preserve docker build/push and docker-compose up/down; keep wait loops verbatim.
- Triggers: preserve original branch/tag names; do not invent ""main"" or ""master"".
- Use modern actions: actions/checkout@v4; actions/setup-java@v4 (distribution: temurin), setup-node@v4, setup-python@v5, setup-go@v5.
- Do NOT introduce tools/registries not in the source (Buildx, login actions, GHCR, Sonar, custom email actions). If no 1:1 equivalent, add a short ""# TODO:"" comment.
- Prefer compact flow style for simple event lists. Use on: [push, pull_request] instead of multiline empty mappings.
- Do not leave empty event mappings.
- If branch/tag filters are required, switch to the expanded form for that event only.
- For any properties not explicitly specified (e.g., OS, JDK, Maven goals, etc.), use Travis CI's default behavior as the reference.


Now migrate below input section Travis CI configuration to equivalent complete GitHub Actions workflow and return ONLY the complete migrated YAML maintaining the above OUTPUT and CONVERSION rules.","dist: focal
language: android
jdk:
  - oraclejdk17

env:
  global:
    - TARGET_VERSION=35
    - ANDROID_BUILD_TOOLS_VERSION=35.0.0
    - ANDROID_HOME=$HOME/android-sdk

android:
  components:
    - build-tools;$ANDROID_BUILD_TOOLS_VERSION
    - platforms;android-$TARGET_VERSION
    - system-images;android-$TARGET_VERSION;google_apis;x86_64
    - extra-android-support
    - extra-google-m2repository
    - extra-android-m2repository
  licenses:
    - 'android-sdk-preview-license-52d11cd2'
    - 'android-sdk-license-.+'
    - 'google-gdk-license-.+'

git:
  submodules: false

before_install:
  # Fix for Travis SSH URL in submodules
  - sed --in-place -e ""s/git@github.com:/https:\/\/github.com\//"" .gitmodules
  - git submodule update --init --recursive

jobs:
  include:
    - stage: test
      if: branch = master AND type = pull_request
      name: ""Run Automated Tests: Master PR""
      script:
        - pushd LearningMachine
        - ./gradlew clean testDevDebug -PdisablePreDex -PdevBuild --console=plain
",,travis_to_gha,blockchain-certificates_wallet-android
"You are an Expert DevOps Engineer specializing in Travis CI to GitHub Actions migrations. Migrate this Travis CI config to a COMPLETE GitHub Actions workflow.

OUTPUT RULES
- Output YAML only (no prose). Your output MUST start with ""name:"" and include top-level keys: name, on, jobs.
- Include at least one job with: runs-on, steps.
- Do NOT output a snippet (must not start with ""- uses:"" or ""- run:"").

CONVERSION RULES
- Preserve semantics: env (global/matrix), caches, services/addons, branch/tag filters, deploys, notifications.
- Map Travis lifecycle to GHA steps: before_install, install, before_script, script, after_success/failure, deploy.
- Map matrices: jdk/node_js/python/go -> strategy.matrix; allow_failures -> continue-on-error.
- Env: env.global -> env (workflow/job/step). $FOO secrets -> ${{ secrets.FOO }}.
- Caches: cache: directories -> actions/cache@v4 with stable keys.
- Services/addons: services (dbs) -> jobs.<job>.services; addons.apt -> apt-get steps.
- Docker/Compose: preserve docker build/push and docker-compose up/down; keep wait loops verbatim.
- Triggers: preserve original branch/tag names; do not invent ""main"" or ""master"".
- Use modern actions: actions/checkout@v4; actions/setup-java@v4 (distribution: temurin), setup-node@v4, setup-python@v5, setup-go@v5.
- Do NOT introduce tools/registries not in the source (Buildx, login actions, GHCR, Sonar, custom email actions). If no 1:1 equivalent, add a short ""# TODO:"" comment.
- Prefer compact flow style for simple event lists. Use on: [push, pull_request] instead of multiline empty mappings.
- Do not leave empty event mappings.
- If branch/tag filters are required, switch to the expanded form for that event only.
- For any properties not explicitly specified (e.g., OS, JDK, Maven goals, etc.), use Travis CI's default behavior as the reference.


Now migrate below input section Travis CI configuration to equivalent complete GitHub Actions workflow and return ONLY the complete migrated YAML maintaining the above OUTPUT and CONVERSION rules.","env:
  global:
  - ANDROID_API=35
  - ANDROID_BUILD_TOOLS=36.0.0
  - ADB_INSTALL_TIMEOUT=5
language: android
jdk:
- oraclejdk8
cache:
  directories:
  - $HOME/.gradle/caches/
  - $HOME/.gradle/wrapper/
before_cache:
- rm -f $HOME/.gradle/caches/modules-2/modules-2.lock
- rm -f $HOME/.gradle/caches/*/classAnalysis/cache.properties.lock
- rm -f $HOME/.gradle/caches/*/jarSnapshots/cache.properties.lock
- rm -fr $HOME/.gradle/caches/*/plugin-resolution/
android:
  components:
  - tools #latest for ""builtin"" sdk tools (24.4.1 in Android-25)
  #To update SDK Tools to latest, another update is required
  #- tools #latest, 26.1.1 as of 2018-10-07
  #- platform-tools #latest, 28.0.1 as of 2018-10-07
  - build-tools-$ANDROID_BUILD_TOOLS
  - android-$ANDROID_API
  - extra-android-m2repository
  - extra-google-m2repository
  - extra-google-google_play_services
notifications:
  email: false
script:
- ./gradlew wear:lintRelease
- ./gradlew app:lintLatestRelease
- ./gradlew app:assembleLatestRelease
- ./gradlew app:test
",,travis_to_gha,jonasoreland_runnerup
"You are an Expert DevOps Engineer specializing in Travis CI to GitHub Actions migrations. Migrate this Travis CI config to a COMPLETE GitHub Actions workflow.

OUTPUT RULES
- Output YAML only (no prose). Your output MUST start with ""name:"" and include top-level keys: name, on, jobs.
- Include at least one job with: runs-on, steps.
- Do NOT output a snippet (must not start with ""- uses:"" or ""- run:"").

CONVERSION RULES
- Preserve semantics: env (global/matrix), caches, services/addons, branch/tag filters, deploys, notifications.
- Map Travis lifecycle to GHA steps: before_install, install, before_script, script, after_success/failure, deploy.
- Map matrices: jdk/node_js/python/go -> strategy.matrix; allow_failures -> continue-on-error.
- Env: env.global -> env (workflow/job/step). $FOO secrets -> ${{ secrets.FOO }}.
- Caches: cache: directories -> actions/cache@v4 with stable keys.
- Services/addons: services (dbs) -> jobs.<job>.services; addons.apt -> apt-get steps.
- Docker/Compose: preserve docker build/push and docker-compose up/down; keep wait loops verbatim.
- Triggers: preserve original branch/tag names; do not invent ""main"" or ""master"".
- Use modern actions: actions/checkout@v4; actions/setup-java@v4 (distribution: temurin), setup-node@v4, setup-python@v5, setup-go@v5.
- Do NOT introduce tools/registries not in the source (Buildx, login actions, GHCR, Sonar, custom email actions). If no 1:1 equivalent, add a short ""# TODO:"" comment.
- Prefer compact flow style for simple event lists. Use on: [push, pull_request] instead of multiline empty mappings.
- Do not leave empty event mappings.
- If branch/tag filters are required, switch to the expanded form for that event only.
- For any properties not explicitly specified (e.g., OS, JDK, Maven goals, etc.), use Travis CI's default behavior as the reference.


Now migrate below input section Travis CI configuration to equivalent complete GitHub Actions workflow and return ONLY the complete migrated YAML maintaining the above OUTPUT and CONVERSION rules.","language: java

jdk:
  - openjdk8

branches:
  only:
    - master
    - stable

install: true
  
script: 
  - ./gradlew build 
after_failure:
  - cat  build/junitreport/TEST-*.txt
deploy:
  - provider: script
    skip_cleanup: true
    script: ./gradlew -Drepos_pwd=${repos_pwd} -Drepos_usr=jql_jars-INTE upload
    on:
      branch: master
  - provider: script
    skip_cleanup: true
    script: ./gradlew -Drepos_pwd=${repos_pwd} -Drepos_usr=jql_jars-INTE '-Drelease=' upload
    on:
      branch: stable
",,travis_to_gha,claeis_iox-ili
"You are an Expert DevOps Engineer specializing in Travis CI to GitHub Actions migrations. Migrate this Travis CI config to a COMPLETE GitHub Actions workflow.

OUTPUT RULES
- Output YAML only (no prose). Your output MUST start with ""name:"" and include top-level keys: name, on, jobs.
- Include at least one job with: runs-on, steps.
- Do NOT output a snippet (must not start with ""- uses:"" or ""- run:"").

CONVERSION RULES
- Preserve semantics: env (global/matrix), caches, services/addons, branch/tag filters, deploys, notifications.
- Map Travis lifecycle to GHA steps: before_install, install, before_script, script, after_success/failure, deploy.
- Map matrices: jdk/node_js/python/go -> strategy.matrix; allow_failures -> continue-on-error.
- Env: env.global -> env (workflow/job/step). $FOO secrets -> ${{ secrets.FOO }}.
- Caches: cache: directories -> actions/cache@v4 with stable keys.
- Services/addons: services (dbs) -> jobs.<job>.services; addons.apt -> apt-get steps.
- Docker/Compose: preserve docker build/push and docker-compose up/down; keep wait loops verbatim.
- Triggers: preserve original branch/tag names; do not invent ""main"" or ""master"".
- Use modern actions: actions/checkout@v4; actions/setup-java@v4 (distribution: temurin), setup-node@v4, setup-python@v5, setup-go@v5.
- Do NOT introduce tools/registries not in the source (Buildx, login actions, GHCR, Sonar, custom email actions). If no 1:1 equivalent, add a short ""# TODO:"" comment.
- Prefer compact flow style for simple event lists. Use on: [push, pull_request] instead of multiline empty mappings.
- Do not leave empty event mappings.
- If branch/tag filters are required, switch to the expanded form for that event only.
- For any properties not explicitly specified (e.g., OS, JDK, Maven goals, etc.), use Travis CI's default behavior as the reference.


Now migrate below input section Travis CI configuration to equivalent complete GitHub Actions workflow and return ONLY the complete migrated YAML maintaining the above OUTPUT and CONVERSION rules.","language: java
jdk:
  - openjdk8
cache:
  directories:
    - $HOME/.m2/
install:
  - wget https://hub.spigotmc.org/jenkins/job/BuildTools/lastSuccessfulBuild/artifact/target/BuildTools.jar
  - ls $HOME/.m2/repository/org/spigotmc/spigot/1.8-R0.1-SNAPSHOT >> /dev/null 2>&1 || java -jar BuildTools.jar --rev 1.8 >> /dev/null 2>&1
  - ls $HOME/.m2/repository/org/spigotmc/spigot/1.8.3-R0.1-SNAPSHOT >> /dev/null 2>&1 || java -jar BuildTools.jar --rev 1.8.3 >> /dev/null 2>&1
  - ls $HOME/.m2/repository/org/spigotmc/spigot/1.8.8-R0.1-SNAPSHOT >> /dev/null 2>&1 || java -jar BuildTools.jar --rev 1.8.8 >> /dev/null 2>&1
  - ls $HOME/.m2/repository/org/spigotmc/spigot/1.9-R0.1-SNAPSHOT >> /dev/null 2>&1 || java -jar BuildTools.jar --rev 1.9 >> /dev/null 2>&1
  - ls $HOME/.m2/repository/org/spigotmc/spigot/1.9.4-R0.1-SNAPSHOT >> /dev/null 2>&1 || java -jar BuildTools.jar --rev 1.9.4 >> /dev/null 2>&1
  - ls $HOME/.m2/repository/org/spigotmc/spigot/1.10.2-R0.1-SNAPSHOT >> /dev/null 2>&1 || java -jar BuildTools.jar --rev 1.10.2 >> /dev/null 2>&1
  - ls $HOME/.m2/repository/org/spigotmc/spigot/1.11.2-R0.1-SNAPSHOT >> /dev/null 2>&1 || java -jar BuildTools.jar --rev 1.11.2 >> /dev/null 2>&1
  - ls $HOME/.m2/repository/org/spigotmc/spigot/1.12.2-R0.1-SNAPSHOT >> /dev/null 2>&1 || java -jar BuildTools.jar --rev 1.12.2 >> /dev/null 2>&1
  - ls $HOME/.m2/repository/org/spigotmc/spigot/1.13-R0.1-SNAPSHOT >> /dev/null 2>&1 || java -jar BuildTools.jar --rev 1.13 >> /dev/null 2>&1
  - ls $HOME/.m2/repository/org/spigotmc/spigot/1.13.2-R0.1-SNAPSHOT >> /dev/null 2>&1 || java -jar BuildTools.jar --rev 1.13.2 >> /dev/null 2>&1
  - ls $HOME/.m2/repository/org/spigotmc/spigot/1.14.4-R0.1-SNAPSHOT >> /dev/null 2>&1 || java -jar BuildTools.jar --rev 1.14.4 >> /dev/null 2>&1
  - ls $HOME/.m2/repository/org/spigotmc/spigot/1.15.2-R0.1-SNAPSHOT >> /dev/null 2>&1 || java -jar BuildTools.jar --rev 1.15.2 >> /dev/null 2>&1
  - ls $HOME/.m2/repository/org/spigotmc/spigot/1.16.1-R0.1-SNAPSHOT >> /dev/null 2>&1 || java -jar BuildTools.jar --rev 1.16.1 >> /dev/null 2>&1
script:
  - mvn clean install",,travis_to_gha,JitseB_NPCLib
"You are an Expert DevOps Engineer specializing in Travis CI to GitHub Actions migrations. Migrate this Travis CI config to a COMPLETE GitHub Actions workflow.

OUTPUT RULES
- Output YAML only (no prose). Your output MUST start with ""name:"" and include top-level keys: name, on, jobs.
- Include at least one job with: runs-on, steps.
- Do NOT output a snippet (must not start with ""- uses:"" or ""- run:"").

CONVERSION RULES
- Preserve semantics: env (global/matrix), caches, services/addons, branch/tag filters, deploys, notifications.
- Map Travis lifecycle to GHA steps: before_install, install, before_script, script, after_success/failure, deploy.
- Map matrices: jdk/node_js/python/go -> strategy.matrix; allow_failures -> continue-on-error.
- Env: env.global -> env (workflow/job/step). $FOO secrets -> ${{ secrets.FOO }}.
- Caches: cache: directories -> actions/cache@v4 with stable keys.
- Services/addons: services (dbs) -> jobs.<job>.services; addons.apt -> apt-get steps.
- Docker/Compose: preserve docker build/push and docker-compose up/down; keep wait loops verbatim.
- Triggers: preserve original branch/tag names; do not invent ""main"" or ""master"".
- Use modern actions: actions/checkout@v4; actions/setup-java@v4 (distribution: temurin), setup-node@v4, setup-python@v5, setup-go@v5.
- Do NOT introduce tools/registries not in the source (Buildx, login actions, GHCR, Sonar, custom email actions). If no 1:1 equivalent, add a short ""# TODO:"" comment.
- Prefer compact flow style for simple event lists. Use on: [push, pull_request] instead of multiline empty mappings.
- Do not leave empty event mappings.
- If branch/tag filters are required, switch to the expanded form for that event only.
- For any properties not explicitly specified (e.g., OS, JDK, Maven goals, etc.), use Travis CI's default behavior as the reference.


Now migrate below input section Travis CI configuration to equivalent complete GitHub Actions workflow and return ONLY the complete migrated YAML maintaining the above OUTPUT and CONVERSION rules.","language: java
jdk:
- openjdk21

before_install:
- echo ""MAVEN_OPTS='-Xmx2g'"" > ~/.mavenrc
script:
- bash -c 'if [ ""${TRAVIS_TAG}"" ]; then mvn versions:set -DnewVersion=${TRAVIS_TAG} versions:commit; fi'
- mvn install -DskipTests=true -Dmaven.javadoc.skip=true -B -V
- mvn test -B
- mvn clean install -DskipTests=true -Pdocker

before_deploy:
  - yes | gem update --system --force
  - gem install bundler
  - gem install faraday-net_http -v '3.3.0' # Fix faraday version
  - gem install uri
  - gem install logger
deploy:
  provider: releases
  prerelease: true
  api_key: ""${VLO_DEPLOY_TOKEN}""
  file: ""vlo-distribution/target/vlo-${TRAVIS_TAG}-docker.tar.gz""
  skip_cleanup: true
  on:
    tags: true

notifications:
  email:
    on_success: change
    on_failure: always
  slack:
    rooms:
      secure: ""${SLACK_INTEGRATION_KEY}""
    on_success: change # default: always
    on_failure: always # default: always
",,travis_to_gha,clarin-eric_VLO
"You are an Expert DevOps Engineer specializing in Travis CI to GitHub Actions migrations. Migrate this Travis CI config to a COMPLETE GitHub Actions workflow.

OUTPUT RULES
- Output YAML only (no prose). Your output MUST start with ""name:"" and include top-level keys: name, on, jobs.
- Include at least one job with: runs-on, steps.
- Do NOT output a snippet (must not start with ""- uses:"" or ""- run:"").

CONVERSION RULES
- Preserve semantics: env (global/matrix), caches, services/addons, branch/tag filters, deploys, notifications.
- Map Travis lifecycle to GHA steps: before_install, install, before_script, script, after_success/failure, deploy.
- Map matrices: jdk/node_js/python/go -> strategy.matrix; allow_failures -> continue-on-error.
- Env: env.global -> env (workflow/job/step). $FOO secrets -> ${{ secrets.FOO }}.
- Caches: cache: directories -> actions/cache@v4 with stable keys.
- Services/addons: services (dbs) -> jobs.<job>.services; addons.apt -> apt-get steps.
- Docker/Compose: preserve docker build/push and docker-compose up/down; keep wait loops verbatim.
- Triggers: preserve original branch/tag names; do not invent ""main"" or ""master"".
- Use modern actions: actions/checkout@v4; actions/setup-java@v4 (distribution: temurin), setup-node@v4, setup-python@v5, setup-go@v5.
- Do NOT introduce tools/registries not in the source (Buildx, login actions, GHCR, Sonar, custom email actions). If no 1:1 equivalent, add a short ""# TODO:"" comment.
- Prefer compact flow style for simple event lists. Use on: [push, pull_request] instead of multiline empty mappings.
- Do not leave empty event mappings.
- If branch/tag filters are required, switch to the expanded form for that event only.
- For any properties not explicitly specified (e.g., OS, JDK, Maven goals, etc.), use Travis CI's default behavior as the reference.


Now migrate below input section Travis CI configuration to equivalent complete GitHub Actions workflow and return ONLY the complete migrated YAML maintaining the above OUTPUT and CONVERSION rules.","language: java
install: true
services:
  - mongodb
script: ./travis.sh
dist: focal
before_install:
  - curl -s ""https://get.sdkman.io"" | bash
  - source ""$HOME/.sdkman/bin/sdkman-init.sh""
  - sdk install java 23-open
  - sdk use java 23-open
#jdk:
#  - openjdk17
",,travis_to_gha,Lumeer_engine
"You are an Expert DevOps Engineer specializing in Travis CI to GitHub Actions migrations. Migrate this Travis CI config to a COMPLETE GitHub Actions workflow.

OUTPUT RULES
- Output YAML only (no prose). Your output MUST start with ""name:"" and include top-level keys: name, on, jobs.
- Include at least one job with: runs-on, steps.
- Do NOT output a snippet (must not start with ""- uses:"" or ""- run:"").

CONVERSION RULES
- Preserve semantics: env (global/matrix), caches, services/addons, branch/tag filters, deploys, notifications.
- Map Travis lifecycle to GHA steps: before_install, install, before_script, script, after_success/failure, deploy.
- Map matrices: jdk/node_js/python/go -> strategy.matrix; allow_failures -> continue-on-error.
- Env: env.global -> env (workflow/job/step). $FOO secrets -> ${{ secrets.FOO }}.
- Caches: cache: directories -> actions/cache@v4 with stable keys.
- Services/addons: services (dbs) -> jobs.<job>.services; addons.apt -> apt-get steps.
- Docker/Compose: preserve docker build/push and docker-compose up/down; keep wait loops verbatim.
- Triggers: preserve original branch/tag names; do not invent ""main"" or ""master"".
- Use modern actions: actions/checkout@v4; actions/setup-java@v4 (distribution: temurin), setup-node@v4, setup-python@v5, setup-go@v5.
- Do NOT introduce tools/registries not in the source (Buildx, login actions, GHCR, Sonar, custom email actions). If no 1:1 equivalent, add a short ""# TODO:"" comment.
- Prefer compact flow style for simple event lists. Use on: [push, pull_request] instead of multiline empty mappings.
- Do not leave empty event mappings.
- If branch/tag filters are required, switch to the expanded form for that event only.
- For any properties not explicitly specified (e.g., OS, JDK, Maven goals, etc.), use Travis CI's default behavior as the reference.


Now migrate below input section Travis CI configuration to equivalent complete GitHub Actions workflow and return ONLY the complete migrated YAML maintaining the above OUTPUT and CONVERSION rules.","
language: android
before_cache:
  - rm -f  $HOME/.gradle/caches/modules-2/modules-2.lock
  - rm -fr $HOME/.gradle/caches/*/plugin-resolution/
cache:
  directories:
    - $HOME/.gradle/caches/
    - $HOME/.gradle/wrapper/

jdk:
  - oraclejdk8

before_install:
  - yes | sdkmanager ""platforms;android-28""

android:
  components:
    - tools
    - platform-tools
    - extra
    - build-tools-28.0.3
    - android-28
  licenses:
    - 'android-sdk-license-.+'
    - 'google-gdk-license-.+'
    - 'android-sdk-preview-license-.+'
    - 'android-.*'
",,travis_to_gha,nerzhul_ncsms-android
"You are an Expert DevOps Engineer specializing in Travis CI to GitHub Actions migrations. Migrate this Travis CI config to a COMPLETE GitHub Actions workflow.

OUTPUT RULES
- Output YAML only (no prose). Your output MUST start with ""name:"" and include top-level keys: name, on, jobs.
- Include at least one job with: runs-on, steps.
- Do NOT output a snippet (must not start with ""- uses:"" or ""- run:"").

CONVERSION RULES
- Preserve semantics: env (global/matrix), caches, services/addons, branch/tag filters, deploys, notifications.
- Map Travis lifecycle to GHA steps: before_install, install, before_script, script, after_success/failure, deploy.
- Map matrices: jdk/node_js/python/go -> strategy.matrix; allow_failures -> continue-on-error.
- Env: env.global -> env (workflow/job/step). $FOO secrets -> ${{ secrets.FOO }}.
- Caches: cache: directories -> actions/cache@v4 with stable keys.
- Services/addons: services (dbs) -> jobs.<job>.services; addons.apt -> apt-get steps.
- Docker/Compose: preserve docker build/push and docker-compose up/down; keep wait loops verbatim.
- Triggers: preserve original branch/tag names; do not invent ""main"" or ""master"".
- Use modern actions: actions/checkout@v4; actions/setup-java@v4 (distribution: temurin), setup-node@v4, setup-python@v5, setup-go@v5.
- Do NOT introduce tools/registries not in the source (Buildx, login actions, GHCR, Sonar, custom email actions). If no 1:1 equivalent, add a short ""# TODO:"" comment.
- Prefer compact flow style for simple event lists. Use on: [push, pull_request] instead of multiline empty mappings.
- Do not leave empty event mappings.
- If branch/tag filters are required, switch to the expanded form for that event only.
- For any properties not explicitly specified (e.g., OS, JDK, Maven goals, etc.), use Travis CI's default behavior as the reference.


Now migrate below input section Travis CI configuration to equivalent complete GitHub Actions workflow and return ONLY the complete migrated YAML maintaining the above OUTPUT and CONVERSION rules.","language: java

addons:
  ssh_known_hosts:
  - ftp.interlis.ch
  apt:
    packages:
    - python3
    - python3-pip

branches:
  only:
    - master
    - stable

install: true

before_script:
    - python3 --version
    - virtualenv -p python3 my_py3
    - source my_py3/bin/activate # to activate the python3 environemt    
    - python -m pip --trusted-host pypi.org --trusted-host pypi.python.org --trusted-host files.pythonhosted.org install docutils
    - python -m pip --trusted-host pypi.org --trusted-host pypi.python.org --trusted-host files.pythonhosted.org install Pygments
    - python -m pip freeze

script: 
  - ./gradlew -Drst2html=`which rst2html.py` usrdoc build 
deploy:
  - provider: script
    skip_cleanup: true
    script: ./gradlew -Drepos_pwd=${repos_pwd} -Drepos_usr=jql_jars-INTE uploadArchives
    on:
      branch: master
  - provider: script
    skip_cleanup: true
    script: ./gradlew -Drst2html=`which rst2html.py` -Dgithub_token=${github_token} -Drepos_pwd=${repos_pwd} -Drepos_usr=jql_jars-INTE '-Drelease=' -Ddownloads_pwd=${downloads_pwd} -Ddownloads_usr=jql_downloads -Ddocs_pwd=${docs_pwd} -Ddocs_usr=jql_docs uploadArchives uploadBin uploadDoc
    on:
      branch: stable
",,travis_to_gha,claeis_ilivalidator
"You are an Expert DevOps Engineer specializing in Travis CI to GitHub Actions migrations. Migrate this Travis CI config to a COMPLETE GitHub Actions workflow.

OUTPUT RULES
- Output YAML only (no prose). Your output MUST start with ""name:"" and include top-level keys: name, on, jobs.
- Include at least one job with: runs-on, steps.
- Do NOT output a snippet (must not start with ""- uses:"" or ""- run:"").

CONVERSION RULES
- Preserve semantics: env (global/matrix), caches, services/addons, branch/tag filters, deploys, notifications.
- Map Travis lifecycle to GHA steps: before_install, install, before_script, script, after_success/failure, deploy.
- Map matrices: jdk/node_js/python/go -> strategy.matrix; allow_failures -> continue-on-error.
- Env: env.global -> env (workflow/job/step). $FOO secrets -> ${{ secrets.FOO }}.
- Caches: cache: directories -> actions/cache@v4 with stable keys.
- Services/addons: services (dbs) -> jobs.<job>.services; addons.apt -> apt-get steps.
- Docker/Compose: preserve docker build/push and docker-compose up/down; keep wait loops verbatim.
- Triggers: preserve original branch/tag names; do not invent ""main"" or ""master"".
- Use modern actions: actions/checkout@v4; actions/setup-java@v4 (distribution: temurin), setup-node@v4, setup-python@v5, setup-go@v5.
- Do NOT introduce tools/registries not in the source (Buildx, login actions, GHCR, Sonar, custom email actions). If no 1:1 equivalent, add a short ""# TODO:"" comment.
- Prefer compact flow style for simple event lists. Use on: [push, pull_request] instead of multiline empty mappings.
- Do not leave empty event mappings.
- If branch/tag filters are required, switch to the expanded form for that event only.
- For any properties not explicitly specified (e.g., OS, JDK, Maven goals, etc.), use Travis CI's default behavior as the reference.


Now migrate below input section Travis CI configuration to equivalent complete GitHub Actions workflow and return ONLY the complete migrated YAML maintaining the above OUTPUT and CONVERSION rules.","import:
  - logstash-plugins/.ci:travis/travis.yml@1.x

jobs:
  exclude:
  - env: ELASTIC_STACK_VERSION=7.current
  - env: SNAPSHOT=true ELASTIC_STACK_VERSION=7.current
",,travis_to_gha,logstash-plugins_logstash-input-dead_letter_queue
"You are an Expert DevOps Engineer specializing in Travis CI to GitHub Actions migrations. Migrate this Travis CI config to a COMPLETE GitHub Actions workflow.

OUTPUT RULES
- Output YAML only (no prose). Your output MUST start with ""name:"" and include top-level keys: name, on, jobs.
- Include at least one job with: runs-on, steps.
- Do NOT output a snippet (must not start with ""- uses:"" or ""- run:"").

CONVERSION RULES
- Preserve semantics: env (global/matrix), caches, services/addons, branch/tag filters, deploys, notifications.
- Map Travis lifecycle to GHA steps: before_install, install, before_script, script, after_success/failure, deploy.
- Map matrices: jdk/node_js/python/go -> strategy.matrix; allow_failures -> continue-on-error.
- Env: env.global -> env (workflow/job/step). $FOO secrets -> ${{ secrets.FOO }}.
- Caches: cache: directories -> actions/cache@v4 with stable keys.
- Services/addons: services (dbs) -> jobs.<job>.services; addons.apt -> apt-get steps.
- Docker/Compose: preserve docker build/push and docker-compose up/down; keep wait loops verbatim.
- Triggers: preserve original branch/tag names; do not invent ""main"" or ""master"".
- Use modern actions: actions/checkout@v4; actions/setup-java@v4 (distribution: temurin), setup-node@v4, setup-python@v5, setup-go@v5.
- Do NOT introduce tools/registries not in the source (Buildx, login actions, GHCR, Sonar, custom email actions). If no 1:1 equivalent, add a short ""# TODO:"" comment.
- Prefer compact flow style for simple event lists. Use on: [push, pull_request] instead of multiline empty mappings.
- Do not leave empty event mappings.
- If branch/tag filters are required, switch to the expanded form for that event only.
- For any properties not explicitly specified (e.g., OS, JDK, Maven goals, etc.), use Travis CI's default behavior as the reference.


Now migrate below input section Travis CI configuration to equivalent complete GitHub Actions workflow and return ONLY the complete migrated YAML maintaining the above OUTPUT and CONVERSION rules.","before_install:
  - sudo apt-get -qq update
  - sudo apt-get install -y libxml2-utils

script: ./buildpluginsxml.sh

notifications:
  email:
    recipients:
      - sean.stuckless@gmail.com
      - usjusjoken@gmail.com
    on_success: always
    on_failure: always
",,travis_to_gha,OpenSageTV_sagetv-plugin-repo
"You are an Expert DevOps Engineer specializing in Travis CI to GitHub Actions migrations. Migrate this Travis CI config to a COMPLETE GitHub Actions workflow.

OUTPUT RULES
- Output YAML only (no prose). Your output MUST start with ""name:"" and include top-level keys: name, on, jobs.
- Include at least one job with: runs-on, steps.
- Do NOT output a snippet (must not start with ""- uses:"" or ""- run:"").

CONVERSION RULES
- Preserve semantics: env (global/matrix), caches, services/addons, branch/tag filters, deploys, notifications.
- Map Travis lifecycle to GHA steps: before_install, install, before_script, script, after_success/failure, deploy.
- Map matrices: jdk/node_js/python/go -> strategy.matrix; allow_failures -> continue-on-error.
- Env: env.global -> env (workflow/job/step). $FOO secrets -> ${{ secrets.FOO }}.
- Caches: cache: directories -> actions/cache@v4 with stable keys.
- Services/addons: services (dbs) -> jobs.<job>.services; addons.apt -> apt-get steps.
- Docker/Compose: preserve docker build/push and docker-compose up/down; keep wait loops verbatim.
- Triggers: preserve original branch/tag names; do not invent ""main"" or ""master"".
- Use modern actions: actions/checkout@v4; actions/setup-java@v4 (distribution: temurin), setup-node@v4, setup-python@v5, setup-go@v5.
- Do NOT introduce tools/registries not in the source (Buildx, login actions, GHCR, Sonar, custom email actions). If no 1:1 equivalent, add a short ""# TODO:"" comment.
- Prefer compact flow style for simple event lists. Use on: [push, pull_request] instead of multiline empty mappings.
- Do not leave empty event mappings.
- If branch/tag filters are required, switch to the expanded form for that event only.
- For any properties not explicitly specified (e.g., OS, JDK, Maven goals, etc.), use Travis CI's default behavior as the reference.


Now migrate below input section Travis CI configuration to equivalent complete GitHub Actions workflow and return ONLY the complete migrated YAML maintaining the above OUTPUT and CONVERSION rules.","language: java
jdk:
  - openjdk11

",,travis_to_gha,ksaua_remock
"You are an Expert DevOps Engineer specializing in Travis CI to GitHub Actions migrations. Migrate this Travis CI config to a COMPLETE GitHub Actions workflow.

OUTPUT RULES
- Output YAML only (no prose). Your output MUST start with ""name:"" and include top-level keys: name, on, jobs.
- Include at least one job with: runs-on, steps.
- Do NOT output a snippet (must not start with ""- uses:"" or ""- run:"").

CONVERSION RULES
- Preserve semantics: env (global/matrix), caches, services/addons, branch/tag filters, deploys, notifications.
- Map Travis lifecycle to GHA steps: before_install, install, before_script, script, after_success/failure, deploy.
- Map matrices: jdk/node_js/python/go -> strategy.matrix; allow_failures -> continue-on-error.
- Env: env.global -> env (workflow/job/step). $FOO secrets -> ${{ secrets.FOO }}.
- Caches: cache: directories -> actions/cache@v4 with stable keys.
- Services/addons: services (dbs) -> jobs.<job>.services; addons.apt -> apt-get steps.
- Docker/Compose: preserve docker build/push and docker-compose up/down; keep wait loops verbatim.
- Triggers: preserve original branch/tag names; do not invent ""main"" or ""master"".
- Use modern actions: actions/checkout@v4; actions/setup-java@v4 (distribution: temurin), setup-node@v4, setup-python@v5, setup-go@v5.
- Do NOT introduce tools/registries not in the source (Buildx, login actions, GHCR, Sonar, custom email actions). If no 1:1 equivalent, add a short ""# TODO:"" comment.
- Prefer compact flow style for simple event lists. Use on: [push, pull_request] instead of multiline empty mappings.
- Do not leave empty event mappings.
- If branch/tag filters are required, switch to the expanded form for that event only.
- For any properties not explicitly specified (e.g., OS, JDK, Maven goals, etc.), use Travis CI's default behavior as the reference.


Now migrate below input section Travis CI configuration to equivalent complete GitHub Actions workflow and return ONLY the complete migrated YAML maintaining the above OUTPUT and CONVERSION rules.","language: java
jdk:
  - oraclejdk11
dist: trusty
sudo: false
before_install:
  - curl -OL https://github.com/oracle/oci-java-sdk/archive/v2.46.0.tar.gz
  - tar -xvf v2.46.0.tar.gz
  - pushd oci-java-sdk-2.46.0/ && mvn -q clean install && popd
script: mvn clean compile",,travis_to_gha,oracle_oci-compute-jenkins-plugin
"You are an Expert DevOps Engineer specializing in Travis CI to GitHub Actions migrations. Migrate this Travis CI config to a COMPLETE GitHub Actions workflow.

OUTPUT RULES
- Output YAML only (no prose). Your output MUST start with ""name:"" and include top-level keys: name, on, jobs.
- Include at least one job with: runs-on, steps.
- Do NOT output a snippet (must not start with ""- uses:"" or ""- run:"").

CONVERSION RULES
- Preserve semantics: env (global/matrix), caches, services/addons, branch/tag filters, deploys, notifications.
- Map Travis lifecycle to GHA steps: before_install, install, before_script, script, after_success/failure, deploy.
- Map matrices: jdk/node_js/python/go -> strategy.matrix; allow_failures -> continue-on-error.
- Env: env.global -> env (workflow/job/step). $FOO secrets -> ${{ secrets.FOO }}.
- Caches: cache: directories -> actions/cache@v4 with stable keys.
- Services/addons: services (dbs) -> jobs.<job>.services; addons.apt -> apt-get steps.
- Docker/Compose: preserve docker build/push and docker-compose up/down; keep wait loops verbatim.
- Triggers: preserve original branch/tag names; do not invent ""main"" or ""master"".
- Use modern actions: actions/checkout@v4; actions/setup-java@v4 (distribution: temurin), setup-node@v4, setup-python@v5, setup-go@v5.
- Do NOT introduce tools/registries not in the source (Buildx, login actions, GHCR, Sonar, custom email actions). If no 1:1 equivalent, add a short ""# TODO:"" comment.
- Prefer compact flow style for simple event lists. Use on: [push, pull_request] instead of multiline empty mappings.
- Do not leave empty event mappings.
- If branch/tag filters are required, switch to the expanded form for that event only.
- For any properties not explicitly specified (e.g., OS, JDK, Maven goals, etc.), use Travis CI's default behavior as the reference.


Now migrate below input section Travis CI configuration to equivalent complete GitHub Actions workflow and return ONLY the complete migrated YAML maintaining the above OUTPUT and CONVERSION rules.","language: android

jdk:
  - oraclejdk17

android:
  components:
    # Uncomment the lines below if you want to
    # use the latest revision of Android SDK Tools
    - tools
    - platform-tools
    - tools
    # The BuildTools version used by your project
    - build-tools-34.0.0
    - build-tools-28.0.3
    - build-tools-27.0.3
    - build-tools-26.0.2
    # The SDK version used to compile your project
    - android-34
    - android-28
    - android-27
    - android-26
    - android-21
    # Additional components
    - extra-android-m2repository
    - add-on
    - extra
    # Specify at least one system image,
    # if you need to run emulator(s) during your tests
    - sys-img-armeabi-v7a-android-21
  licenses:
    - 'android-sdk-preview-license-52d11cd2'
    - 'android-sdk-preview-license-.+'
    - 'android-sdk-license-.+'
    - 'google-gdk-license-.+'

before_install:
  # Install SDK license so Android Gradle plugin can install deps.
  - yes | sdkmanager ""platforms;android-34""
  - yes | sdkmanager ""platforms;android-28""
  - yes | sdkmanager ""platforms;android-27""
  - mkdir ""$ANDROID_HOME/licenses"" || true
  - echo ""8933bad161af4178b1185d1a37fbf41ea5269c55"" > ""$ANDROID_HOME/licenses/android-sdk-license""

script:
  - ./gradlew clean assemble
  - ./gradlew test
  - ./gradlew assembleAndroidTest


# Emulator Management: Create, Start and Wait
before_script:
  - echo no | android create avd --force -n test -t android-21 --abi armeabi-v7a
  - emulator -avd test -no-window &
  - android-wait-for-emulator
  - adb shell input keyevent 82 &

before_cache:
  - rm -f  $HOME/.gradle/caches/modules-2/modules-2.lock
  - rm -fr $HOME/.gradle/caches/*/plugin-resolution/

cache:
  directories:
    - $HOME/.gradle/caches/
    - $HOME/.gradle/wrapper/
    - $HOME/.android/build-cache

notifications:
  email: false

sudo: false
",,travis_to_gha,tonyofrancis_Fetch
"You are an Expert DevOps Engineer specializing in Travis CI to GitHub Actions migrations. Migrate this Travis CI config to a COMPLETE GitHub Actions workflow.

OUTPUT RULES
- Output YAML only (no prose). Your output MUST start with ""name:"" and include top-level keys: name, on, jobs.
- Include at least one job with: runs-on, steps.
- Do NOT output a snippet (must not start with ""- uses:"" or ""- run:"").

CONVERSION RULES
- Preserve semantics: env (global/matrix), caches, services/addons, branch/tag filters, deploys, notifications.
- Map Travis lifecycle to GHA steps: before_install, install, before_script, script, after_success/failure, deploy.
- Map matrices: jdk/node_js/python/go -> strategy.matrix; allow_failures -> continue-on-error.
- Env: env.global -> env (workflow/job/step). $FOO secrets -> ${{ secrets.FOO }}.
- Caches: cache: directories -> actions/cache@v4 with stable keys.
- Services/addons: services (dbs) -> jobs.<job>.services; addons.apt -> apt-get steps.
- Docker/Compose: preserve docker build/push and docker-compose up/down; keep wait loops verbatim.
- Triggers: preserve original branch/tag names; do not invent ""main"" or ""master"".
- Use modern actions: actions/checkout@v4; actions/setup-java@v4 (distribution: temurin), setup-node@v4, setup-python@v5, setup-go@v5.
- Do NOT introduce tools/registries not in the source (Buildx, login actions, GHCR, Sonar, custom email actions). If no 1:1 equivalent, add a short ""# TODO:"" comment.
- Prefer compact flow style for simple event lists. Use on: [push, pull_request] instead of multiline empty mappings.
- Do not leave empty event mappings.
- If branch/tag filters are required, switch to the expanded form for that event only.
- For any properties not explicitly specified (e.g., OS, JDK, Maven goals, etc.), use Travis CI's default behavior as the reference.


Now migrate below input section Travis CI configuration to equivalent complete GitHub Actions workflow and return ONLY the complete migrated YAML maintaining the above OUTPUT and CONVERSION rules.","language: java
jdk:
- openjdk21
before_cache:
- rm -f $HOME/.gradle/caches/modules-2/modules-2.lock
cache:
  directories:
  - $HOME/.gradle/caches/
  - $HOME/.gradle/wrapper/
before_install:
- chmod +x gradlew
# - ""[[ ${TRAVIS_PULL_REQUEST} == 'false' ]] && [[ ${TRAVIS_BRANCH} == 'master' ]] && [[ ${TRAVIS_TAG} == '' ]] && openssl aes-256-cbc -K $encrypted_caf7349cf55f_key -iv $encrypted_caf7349cf55f_iv -in codesigning.asc.enc -out codesigning.asc -d && gpg --import ./codesigning.asc || echo""
after_success:
#- ""[[ ${TRAVIS_PULL_REQUEST} == 'false' ]] && [[ ${TRAVIS_BRANCH} == 'master' ]] && [[ ${TRAVIS_TAG} == '' ]] && ./gradlew uploadArchives""
- ./gradlew publishPlugin
script:
  - ./gradlew build
",,travis_to_gha,jvmlet_reveal-dependency-plugin
"You are an Expert DevOps Engineer specializing in Travis CI to GitHub Actions migrations. Migrate this Travis CI config to a COMPLETE GitHub Actions workflow.

OUTPUT RULES
- Output YAML only (no prose). Your output MUST start with ""name:"" and include top-level keys: name, on, jobs.
- Include at least one job with: runs-on, steps.
- Do NOT output a snippet (must not start with ""- uses:"" or ""- run:"").

CONVERSION RULES
- Preserve semantics: env (global/matrix), caches, services/addons, branch/tag filters, deploys, notifications.
- Map Travis lifecycle to GHA steps: before_install, install, before_script, script, after_success/failure, deploy.
- Map matrices: jdk/node_js/python/go -> strategy.matrix; allow_failures -> continue-on-error.
- Env: env.global -> env (workflow/job/step). $FOO secrets -> ${{ secrets.FOO }}.
- Caches: cache: directories -> actions/cache@v4 with stable keys.
- Services/addons: services (dbs) -> jobs.<job>.services; addons.apt -> apt-get steps.
- Docker/Compose: preserve docker build/push and docker-compose up/down; keep wait loops verbatim.
- Triggers: preserve original branch/tag names; do not invent ""main"" or ""master"".
- Use modern actions: actions/checkout@v4; actions/setup-java@v4 (distribution: temurin), setup-node@v4, setup-python@v5, setup-go@v5.
- Do NOT introduce tools/registries not in the source (Buildx, login actions, GHCR, Sonar, custom email actions). If no 1:1 equivalent, add a short ""# TODO:"" comment.
- Prefer compact flow style for simple event lists. Use on: [push, pull_request] instead of multiline empty mappings.
- Do not leave empty event mappings.
- If branch/tag filters are required, switch to the expanded form for that event only.
- For any properties not explicitly specified (e.g., OS, JDK, Maven goals, etc.), use Travis CI's default behavior as the reference.


Now migrate below input section Travis CI configuration to equivalent complete GitHub Actions workflow and return ONLY the complete migrated YAML maintaining the above OUTPUT and CONVERSION rules.","dist: jammy

language: java

jdk: openjdk17

env:
  global:
    # Android command line tools, check for updates here https://developer.android.com/studio/#command-tools
    - COMMAND_LINE_TOOLS_VERSION=7583922
    - ANDROID_HOME=$HOME/android-sdk
    - TARGET_SDK_VERSION=`grep -H targetSdk Umweltzone/build.gradle | grep -Po ""\d+""`
    - BUILD_TOOLS_VERSION=`grep -H buildToolsVersion Umweltzone/build.gradle | grep -Po ""\d+.\d+.\d+""`

branches:
  except:
    - /^v\..*$/ # Exclude version tags

notifications:
  email: true

before_cache:
  # Do not cache a few Gradle files/directories (see https://docs.travis-ci.com/user/languages/java/#caching)
  - rm -f  $HOME/.gradle/caches/modules-2/modules-2.lock
  - rm -fr $HOME/.gradle/caches/*/plugin-resolution/

cache:
  directories:
    # Android
    - $HOME/android-cmdline-tools
    - $HOME/android-sdk
    - $HOME/.android/build-cache

    # Gradle
    - $HOME/.gradle/caches/
    - $HOME/.gradle/wrapper/

install:
  - mkdir -p $HOME/android-cmdline-tools
  # Download and unzip the Android command line tools (if not already there thanks to the cache mechanism)
  - if test ! -e $HOME/android-cmdline-tools/cmdline-tools.zip ; then curl ""https://dl.google.com/android/repository/commandlinetools-linux-${COMMAND_LINE_TOOLS_VERSION}_latest.zip"" > $HOME/android-cmdline-tools/cmdline-tools.zip ; fi
  - unzip -qq -n $HOME/android-cmdline-tools/cmdline-tools.zip -d $HOME/android-cmdline-tools
  - echo y | $HOME/android-cmdline-tools/cmdline-tools/bin/sdkmanager --sdk_root=$HOME/android-sdk ""platform-tools""
  - echo y | $HOME/android-cmdline-tools/cmdline-tools/bin/sdkmanager --sdk_root=$HOME/android-sdk ""build-tools;${BUILD_TOOLS_VERSION}""
  - echo y | $HOME/android-cmdline-tools/cmdline-tools/bin/sdkmanager --sdk_root=$HOME/android-sdk ""platforms;android-${TARGET_SDK_VERSION}""

before_script:
  # To see if the correct values have been extracted.
  - echo TARGET_SDK_VERSION=$TARGET_SDK_VERSION
  - echo BUILD_TOOLS_VERSION=$BUILD_TOOLS_VERSION

  # Ensure Gradle wrapper is executable
  - chmod +x gradlew

  # Reduce memory usage / avoid OutOfMemoryError with Gradle 4.10.3
  - echo ""org.gradle.jvmargs=-Xmx2048m -Xms512m -XX:MaxMetaspaceSize=768m"" >> gradle.properties

script:
  - ./gradlew clean testDebug assembleDebug -PdisablePreDex
",,travis_to_gha,Umweltzone_Umweltzone